"title","body","image","function"
"OMC_132",,"OMC_132.jpg","Acid Etched"
"OMC_124_2",,"OMC_124_2.JPG","Acid Etched"
"OMC_108A",,"OMC_108A.jpg","Acid Etched"
"OMC_122",,"OMC_122.jpg","Acid Etched"
"OMC_134",,"OMC_134.jpg","Acid Etched"
"OMC_127",,"OMC_127.JPG","Acid Etched"
"OMC_118_1",,"OMC_118_1.JPG","Acid Etched"
"OMC_126",,"OMC_126.jpg","Acid Etched"
"OMC_124_3",,"OMC_124_3.JPG","Acid Etched"
"OMC_106",,"OMC_106.jpg","Acid Etched"
"OMC_133",,"OMC_133.jpg","Acid Etched"
"OMC_113",,"OMC_113.jpg","Acid Etched"
"OMC_130",,"OMC_130.JPG","Acid Etched"
"OMC_124_1",,"OMC_124_1.JPG","Acid Etched"
"OMC_104",,"OMC_104.jpg","Acid Etched"
"OMC_135",,"OMC_135.jpg","Acid Etched"
"OMC_108",,"OMC_108.jpg","Acid Etched"
"OMC_120",,"OMC_120.jpg","Acid Etched"
"OMC_137",,"OMC_137.jpg","Acid Etched"
"OMC_105",,"OMC_105.jpg","Acid Etched"
"OMC_111",,"OMC_111.jpg","Acid Etched"
"OMC_110",,"OMC_110.jpg","Acid Etched"
"OMC_107",,"OMC_107.jpg","Acid Etched"
"OMC_131",,"OMC_131.JPG","Acid Etched"
"OMC_118",,"OMC_118.jpg","Acid Etched"
"OMC_123",,"OMC_123.JPG","Acid Etched"
"OMC_109",,"OMC_109.jpg","Acid Etched"
"OMC_112",,"OMC_112.jpg","Acid Etched"
"OMC_114",,"OMC_114.jpg","Acid Etched"
"OMC_117",,"OMC_117.jpg","Acid Etched"
"OMC_121",,"OMC_121.jpg","Acid Etched"
"OMC_116",,"OMC_116.jpg","Acid Etched"
"OMC_115",,"OMC_115.jpg","Acid Etched"
"OMC_129_2",,"OMC_129_2.JPG","Acid Etched"
"OMC_129_1",,"OMC_129_1.JPG","Acid Etched"
"OMC_101",,"OMC_101.jpg","Acid Etched"
"OMC_136",,"OMC_136.jpg","Acid Etched"
"OMC_102",,"OMC_102.jpg","Acid Etched"
"OMC_119",,"OMC_119.jpg","Acid Etched"
"OMC_125",,"OMC_125.JPG","Acid Etched"
"OMC_124",,"OMC_124.jpg","Acid Etched"
"OMC_103",,"OMC_103.jpg","Acid Etched"
"OMC_103_1",,"OMC_103_1.JPG","Acid Etched"
"OMC_128",,"OMC_128.JPG","Acid Etched"
"03-04_1",,"03-04_1.jpg","Beveled Stained"
"03-04_2",,"03-04_2.jpg","Beveled Stained"
"03-04_3",,"03-04_3.jpg","Beveled Stained"
"05-06_1",,"05-06_1.jpg","Beveled Stained"
"05-06_2",,"05-06_2.jpg","Beveled Stained"
"05-06_3",,"05-06_3.jpg","Beveled Stained"
"05-06_4",,"05-06_4.jpg","Beveled Stained"
"05-06_5",,"05-06_5.jpg","Beveled Stained"
"07-08_1",,"07-08_1.jpg","Beveled Stained"
"07-08_2",,"07-08_2.jpg","Beveled Stained"
"07-08_3",,"07-08_3.jpg","Beveled Stained"
"07-08_4",,"07-08_4.jpg","Beveled Stained"
"09-10_1",,"09-10_1.jpg","Beveled Stained"
"09-10_2",,"09-10_2.jpg","Beveled Stained"
"09-10_3",,"09-10_3.jpg","Beveled Stained"
"09-10_4",,"09-10_4.jpg","Beveled Stained"
"09-10_5",,"09-10_5.jpg","Beveled Stained"
"11-12_1",,"11-12_1.jpg","Beveled Stained"
"11-12_2",,"11-12_2.jpg","Beveled Stained"
"11-12_3",,"11-12_3.jpg","Beveled Stained"
"11-12_4",,"11-12_4.jpg","Beveled Stained"
"11-12_5",,"11-12_5.jpg","Beveled Stained"
"13-14_1",,"13-14_1.jpg","Beveled Stained"
"13-14_2",,"13-14_2.jpg","Beveled Stained"
"13-14_3",,"13-14_3.jpg","Beveled Stained"
"13-14_4",,"13-14_4.jpg","Beveled Stained"
"13-14_5",,"13-14_5.jpg","Beveled Stained"
"15-16_1",,"15-16_1.jpg","Beveled Stained"
"15-16_2",,"15-16_2.jpg","Beveled Stained"
"15-16_3",,"15-16_3.jpg","Beveled Stained"
"15-16_4",,"15-16_4.jpg","Beveled Stained"
"15-16_5",,"15-16_5.jpg","Beveled Stained"
"15-16_6",,"15-16_6.jpg","Beveled Stained"
"15-16_7",,"15-16_7.jpg","Beveled Stained"
"17-18_1",,"17-18_1.jpg","Beveled Stained"
"17-18_2",,"17-18_2.jpg","Beveled Stained"
"17-18_3",,"17-18_3.jpg","Beveled Stained"
"19-20_1",,"19-20_1.jpg","Beveled Stained"
"19-20_2",,"19-20_2.jpg","Beveled Stained"
"19-20_3",,"19-20_3.jpg","Beveled Stained"
"21-22_1",,"21-22_1.jpg","Beveled Stained"
"21-22_2",,"21-22_2.jpg","Beveled Stained"
"21-22_3",,"21-22_3.jpg","Beveled Stained"
"21-22_4",,"21-22_4.jpg","Beveled Stained"
"21-22_5",,"21-22_5.jpg","Beveled Stained"
"23-24_1",,"23-24_1.jpg","Beveled Stained"
"23-24_2",,"23-24_2.jpg","Beveled Stained"
"23-24_3",,"23-24_3.jpg","Beveled Stained"
"23-24_4",,"23-24_4.jpg","Beveled Stained"
"23-24_5",,"23-24_5.jpg","Beveled Stained"
"25-26_1",,"25-26_1.jpg","Beveled Stained"
"25-26_2",,"25-26_2.jpg","Beveled Stained"
"25-26_3",,"25-26_3.jpg","Beveled Stained"
"25-26_4",,"25-26_4.jpg","Beveled Stained"
"25-26_5",,"25-26_5.jpg","Beveled Stained"
"27-28_1",,"27-28_1.jpg","Beveled Stained"
"27-28_2",,"27-28_2.jpg","Beveled Stained"
"27-28_3",,"27-28_3.jpg","Beveled Stained"
"29-30_1",,"29-30_1.jpg","Beveled Stained"
"29-30_2",,"29-30_2.jpg","Beveled Stained"
"29-30_3",,"29-30_3.jpg","Beveled Stained"
"29-30_4",,"29-30_4.jpg","Beveled Stained"
"29-30_5",,"29-30_5.jpg","Beveled Stained"
"29-30_6",,"29-30_6.jpg","Beveled Stained"
"31-32_1",,"31-32_1.jpg","Beveled Stained"
"31-32_2",,"31-32_2.jpg","Beveled Stained"
"31-32_3",,"31-32_3.jpg","Beveled Stained"
"31-32_4",,"31-32_4.jpg","Beveled Stained"
"33-34_1",,"33-34_1.jpg","Beveled Stained"
"33-34_2",,"33-34_2.jpg","Beveled Stained"
"33-34_3",,"33-34_3.jpg","Beveled Stained"
"33-34_4",,"33-34_4.jpg","Beveled Stained"
"33-34_5",,"33-34_5.jpg","Beveled Stained"
"33-34_6",,"33-34_6.jpg","Beveled Stained"
"35-36_1",,"35-36_1.jpg","Beveled Stained"
"35-36_2",,"35-36_2.jpg","Beveled Stained"
"35-36_3",,"35-36_3.jpg","Beveled Stained"
"35-36_4",,"35-36_4.jpg","Beveled Stained"
"35-36_5",,"35-36_5.jpg","Beveled Stained"
"37-38_1",,"37-38_1.jpg","Beveled Stained"
"37-38_2",,"37-38_2.jpg","Beveled Stained"
"37-38_3",,"37-38_3.jpg","Beveled Stained"
"37-38_4",,"37-38_4.jpg","Beveled Stained"
"39-40_1",,"39-40_1.jpg","Beveled Stained"
"39-40_2",,"39-40_2.jpg","Beveled Stained"
"39-40_3",,"39-40_3.jpg","Beveled Stained"
"39-40_4",,"39-40_4.jpg","Beveled Stained"
"39-40_5",,"39-40_5.jpg","Beveled Stained"
"41-42_1",,"41-42_1.jpg","Beveled Stained"
"41-42_2",,"41-42_2.jpg","Beveled Stained"
"41-42_3",,"41-42_3.jpg","Beveled Stained"
"41-42_4",,"41-42_4.jpg","Beveled Stained"
"43-44_1",,"43-44_1.jpg","Beveled Stained"
"43-44_2",,"43-44_2.jpg","Beveled Stained"
"43-44_3",,"43-44_3.jpg","Beveled Stained"
"43-44_4",,"43-44_4.jpg","Beveled Stained"
"43-44_5",,"43-44_5.jpg","Beveled Stained"
"45-46_1",,"45-46_1.jpg","Beveled Stained"
"45-46_2",,"45-46_2.jpg","Beveled Stained"
"45-46_3",,"45-46_3.jpg","Beveled Stained"
"100_1409",,"100_1409.JPG","Columns"
"100_1410",,"100_1410.JPG","Columns"
"100_1411",,"100_1411.JPG","Columns"
"100_1480",,"100_1480.JPG","Columns"
"100_1481",,"100_1481.JPG","Columns"
"100_1482",,"100_1482.JPG","Columns"
"100_1483",,"100_1483.JPG","Columns"
"100_1484",,"100_1484.JPG","Columns"
"100_1485",,"100_1485.JPG","Columns"
"100_1486",,"100_1486.JPG","Columns"
"100_1487",,"100_1487.JPG","Columns"
"100_1626",,"100_1626.JPG","Columns"
"100_1627",,"100_1627.JPG","Columns"
"100_1628",,"100_1628.JPG","Columns"
"100_1629",,"100_1629.JPG","Columns"
"100_1963",,"100_1963.JPG","Columns"
"100_2150",,"100_2150.JPG","Columns"
"DSCF5560",,"DSCF5560.JPG","Columns"
"DSCF5561",,"DSCF5561.JPG","Columns"
"DSCF5562",,"DSCF5562.JPG","Columns"
"DSCF5563",,"DSCF5563.JPG","Columns"
"DSCF5564",,"DSCF5564.JPG","Columns"
"DSCF5572",,"DSCF5572.JPG","Columns"
"DSCF5573",,"DSCF5573.JPG","Columns"
"DSCF5574",,"DSCF5574.JPG","Columns"
"DSCF5575",,"DSCF5575.JPG","Columns"
"DSCF5576",,"DSCF5576.JPG","Columns"
"DSCF5577",,"DSCF5577.JPG","Columns"
"DSCF5578",,"DSCF5578.JPG","Columns"
"DSCF5606",,"DSCF5606.JPG","Columns"
"DSCF5607",,"DSCF5607.JPG","Columns"
"DSCF5608",,"DSCF5608.JPG","Columns"
"DSCF5609",,"DSCF5609.JPG","Columns"
"DSCF5610",,"DSCF5610.JPG","Columns"
"Pict_163_BubbleColumns",,"Pict_163_BubbleColumns.jpg","Columns"
"Pict_163_BubbleColumns_2",,"Pict_163_BubbleColumns_2.jpg","Columns"
"Pict_164_BubbleColumns",,"Pict_164_BubbleColumns.jpg","Columns"
"Pict_164_BubbleColumns_2",,"Pict_164_BubbleColumns_2.jpg","Columns"
"Pict_164_BubbleColumns_3",,"Pict_164_BubbleColumns_3.jpg","Columns"
"Pict_165_",,"Pict_165_.jpg","Columns"
"Pict_165_2",,"Pict_165_2.jpg","Columns"
"Pict_165_3",,"Pict_165_3.jpg","Columns"
"Pict_166_BubbledColumns",,"Pict_166_BubbledColumns.jpg","Columns"
"Pict_167_BubbledColumns",,"Pict_167_BubbledColumns.jpg","Columns"
"Pict_167_BubbledColumns_2",,"Pict_167_BubbledColumns_2.jpg","Columns"
"Pict_167_BubbledColumns_3",,"Pict_167_BubbledColumns_3.jpg","Columns"
"Z093",,"Z093.jpg","Columns"
"noname-1",,"noname-1.jpg","Columns"
"noname-2",,"noname-2.jpg","Columns"
"SDV103",,"SDV103.jpg","Deep Carved"
"SC_GlassTiles_PTL102",,"SC_GlassTiles_PTL102.jpg","Deep Carved"
"PGF201b",,"PGF201b.jpg","Deep Carved"
"PGF201a",,"PGF201a.jpg","Deep Carved"
"PGF104",,"PGF104.jpg","Deep Carved"
"PGF103",,"PGF103.jpg","Deep Carved"
"PGF102",,"PGF102.jpg","Deep Carved"
"PGF101",,"PGF101.jpg","Deep Carved"
"PGC_589",,"PGC_589.jpg","Deep Carved"
"PGC-200",,"PGC-200.jpg","Deep Carved"
"PGC588",,"PGC588.JPG","Deep Carved"
"PGC587",,"PGC587.JPG","Deep Carved"
"PGC586_3",,"PGC586_3.JPG","Deep Carved"
"PGC586_2",,"PGC586_2.JPG","Deep Carved"
"PGC586_1",,"PGC586_1.JPG","Deep Carved"
"PGC585_3",,"PGC585_3.JPG","Deep Carved"
"PGC585_2",,"PGC585_2.JPG","Deep Carved"
"PGC585_1",,"PGC585_1.JPG","Deep Carved"
"PGC584_5",,"PGC584_5.JPG","Deep Carved"
"PGC584_4",,"PGC584_4.JPG","Deep Carved"
"PGC584_3",,"PGC584_3.JPG","Deep Carved"
"PGC584_2",,"PGC584_2.JPG","Deep Carved"
"PGC584_1",,"PGC584_1.JPG","Deep Carved"
"PGC583",,"PGC583.JPG","Deep Carved"
"PGC582_2",,"PGC582_2.JPG","Deep Carved"
"PGC582_1",,"PGC582_1.JPG","Deep Carved"
"PGC581",,"PGC581.JPG","Deep Carved"
"PGC580",,"PGC580.JPG","Deep Carved"
"PGC579_2",,"PGC579_2.JPG","Deep Carved"
"PGC579_1",,"PGC579_1.JPG","Deep Carved"
"PGC578",,"PGC578.JPG","Deep Carved"
"PGC577",,"PGC577.JPG","Deep Carved"
"PGC576",,"PGC576.JPG","Deep Carved"
"PGC575",,"PGC575.JPG","Deep Carved"
"PGC574",,"PGC574.JPG","Deep Carved"
"PGC573",,"PGC573.JPG","Deep Carved"
"PGC572",,"PGC572.JPG","Deep Carved"
"PGC571",,"PGC571.JPG","Deep Carved"
"PGC570",,"PGC570.JPG","Deep Carved"
"PGC569",,"PGC569.JPG","Deep Carved"
"PGC568",,"PGC568.JPG","Deep Carved"
"PGC567",,"PGC567.JPG","Deep Carved"
"PGC566",,"PGC566.JPG","Deep Carved"
"PGC565",,"PGC565.JPG","Deep Carved"
"PGC564",,"PGC564.JPG","Deep Carved"
"PGC563",,"PGC563.JPG","Deep Carved"
"PGC562",,"PGC562.JPG","Deep Carved"
"PGC561",,"PGC561.JPG","Deep Carved"
"PGC560",,"PGC560.JPG","Deep Carved"
"PGC559",,"PGC559.JPG","Deep Carved"
"PGC558",,"PGC558.JPG","Deep Carved"
"PGC557",,"PGC557.JPG","Deep Carved"
"PGC556",,"PGC556.JPG","Deep Carved"
"PGC555_1",,"PGC555_1.JPG","Deep Carved"
"PGC555",,"PGC555.JPG","Deep Carved"
"PGC554",,"PGC554.JPG","Deep Carved"
"PGC553",,"PGC553.JPG","Deep Carved"
"PGC552",,"PGC552.JPG","Deep Carved"
"PGC551",,"PGC551.JPG","Deep Carved"
"PGC550_4",,"PGC550_4.JPG","Deep Carved"
"PGC550_3",,"PGC550_3.JPG","Deep Carved"
"PGC550_2",,"PGC550_2.JPG","Deep Carved"
"PGC550_1",,"PGC550_1.JPG","Deep Carved"
"PGC550",,"PGC550.jpg","Deep Carved"
"PGC549",,"PGC549.JPG","Deep Carved"
"PGC548",,"PGC548.JPG","Deep Carved"
"PGC547",,"PGC547.JPG","Deep Carved"
"PGC546",,"PGC546.JPG","Deep Carved"
"PGC545",,"PGC545.JPG","Deep Carved"
"PGC544",,"PGC544.JPG","Deep Carved"
"PGC543",,"PGC543.JPG","Deep Carved"
"PGC542",,"PGC542.JPG","Deep Carved"
"PGC541",,"PGC541.JPG","Deep Carved"
"PGC540_2",,"PGC540_2.JPG","Deep Carved"
"PGC540_1",,"PGC540_1.JPG","Deep Carved"
"PGC539_2",,"PGC539_2.JPG","Deep Carved"
"PGC539_1",,"PGC539_1.JPG","Deep Carved"
"PGC538",,"PGC538.JPG","Deep Carved"
"PGC537",,"PGC537.JPG","Deep Carved"
"PGC536",,"PGC536.JPG","Deep Carved"
"PGC535_1",,"PGC535_1.JPG","Deep Carved"
"PGC535",,"PGC535.JPG","Deep Carved"
"PGC534",,"PGC534.JPG","Deep Carved"
"PGC533_1",,"PGC533_1.JPG","Deep Carved"
"PGC533",,"PGC533.JPG","Deep Carved"
"PGC532",,"PGC532.JPG","Deep Carved"
"PGC531",,"PGC531.JPG","Deep Carved"
"PGC530",,"PGC530.JPG","Deep Carved"
"PGC529",,"PGC529.JPG","Deep Carved"
"PGC528_2",,"PGC528_2.JPG","Deep Carved"
"PGC528_1",,"PGC528_1.JPG","Deep Carved"
"PGC527",,"PGC527.JPG","Deep Carved"
"PGC526",,"PGC526.JPG","Deep Carved"
"PGC525",,"PGC525.JPG","Deep Carved"
"PGC524",,"PGC524.JPG","Deep Carved"
"PGC523_2",,"PGC523_2.JPG","Deep Carved"
"PGC523_1",,"PGC523_1.JPG","Deep Carved"
"PGC523",,"PGC523.JPG","Deep Carved"
"PGC522_3",,"PGC522_3.JPG","Deep Carved"
"PGC522_2",,"PGC522_2.JPG","Deep Carved"
"PGC522_1",,"PGC522_1.JPG","Deep Carved"
"PGC521",,"PGC521.jpg","Deep Carved"
"PGC520_5",,"PGC520_5.JPG","Deep Carved"
"PGC520_4",,"PGC520_4.JPG","Deep Carved"
"PGC520_3",,"PGC520_3.JPG","Deep Carved"
"PGC520_2",,"PGC520_2.JPG","Deep Carved"
"PGC520_1",,"PGC520_1.JPG","Deep Carved"
"PGC520",,"PGC520.JPG","Deep Carved"
"PGC519",,"PGC519.JPG","Deep Carved"
"PGC518",,"PGC518.JPG","Deep Carved"
"PGC517_1",,"PGC517_1.JPG","Deep Carved"
"PGC517",,"PGC517.JPG","Deep Carved"
"PGC516",,"PGC516.JPG","Deep Carved"
"PGC515_1",,"PGC515_1.JPG","Deep Carved"
"PGC515",,"PGC515.jpg","Deep Carved"
"PGC514_2",,"PGC514_2.JPG","Deep Carved"
"PGC514_1",,"PGC514_1.JPG","Deep Carved"
"PGC513",,"PGC513.JPG","Deep Carved"
"PGC512",,"PGC512.JPG","Deep Carved"
"PGC511",,"PGC511.JPG","Deep Carved"
"PGC510",,"PGC510.jpg","Deep Carved"
"PGC509",,"PGC509.JPG","Deep Carved"
"PGC508",,"PGC508.JPG","Deep Carved"
"PGC507",,"PGC507.JPG","Deep Carved"
"PGC506_3",,"PGC506_3.JPG","Deep Carved"
"PGC506_2",,"PGC506_2.JPG","Deep Carved"
"PGC506_1",,"PGC506_1.JPG","Deep Carved"
"PGC505",,"PGC505.JPG","Deep Carved"
"PGC504",,"PGC504.jpg","Deep Carved"
"PGC503",,"PGC503.jpg","Deep Carved"
"PGC502",,"PGC502.jpg","Deep Carved"
"PGC501",,"PGC501.jpg","Deep Carved"
"PGC500c",,"PGC500c.JPG","Deep Carved"
"PGC500a",,"PGC500a.JPG","Deep Carved"
"PGC500",,"PGC500.JPG","Deep Carved"
"PGC497",,"PGC497.JPG","Deep Carved"
"PGC494b",,"PGC494b.JPG","Deep Carved"
"PGC493g",,"PGC493g.JPG","Deep Carved"
"PGC493e",,"PGC493e.JPG","Deep Carved"
"PGC489",,"PGC489.JPG","Deep Carved"
"PGC488",,"PGC488.JPG","Deep Carved"
"PGC487a",,"PGC487a.JPG","Deep Carved"
"PGC486",,"PGC486.JPG","Deep Carved"
"PGC485e",,"PGC485e.JPG","Deep Carved"
"PGC485c",,"PGC485c.JPG","Deep Carved"
"PGC485",,"PGC485.JPG","Deep Carved"
"PGC484",,"PGC484.JPG","Deep Carved"
"PGC483",,"PGC483.jpg","Deep Carved"
"PGC482",,"PGC482.jpg","Deep Carved"
"PGC481",,"PGC481.jpg","Deep Carved"
"PGC480",,"PGC480.jpg","Deep Carved"
"PGC479",,"PGC479.jpg","Deep Carved"
"PGC478",,"PGC478.jpg","Deep Carved"
"PGC477",,"PGC477.jpg","Deep Carved"
"PGC476",,"PGC476.jpg","Deep Carved"
"PGC475",,"PGC475.jpg","Deep Carved"
"PGC474",,"PGC474.jpg","Deep Carved"
"PGC473",,"PGC473.jpg","Deep Carved"
"PGC472",,"PGC472.jpg","Deep Carved"
"PGC470",,"PGC470.jpg","Deep Carved"
"PGC469",,"PGC469.jpg","Deep Carved"
"PGC468",,"PGC468.jpg","Deep Carved"
"PGC466",,"PGC466.jpg","Deep Carved"
"PGC465",,"PGC465.jpg","Deep Carved"
"PGC464",,"PGC464.jpg","Deep Carved"
"PGC463",,"PGC463.jpg","Deep Carved"
"PGC462",,"PGC462.jpg","Deep Carved"
"PGC461",,"PGC461.jpg","Deep Carved"
"PGC460",,"PGC460.jpg","Deep Carved"
"PGC459",,"PGC459.jpg","Deep Carved"
"PGC458",,"PGC458.jpg","Deep Carved"
"PGC457",,"PGC457.jpg","Deep Carved"
"PGC456",,"PGC456.jpg","Deep Carved"
"PGC455",,"PGC455.jpg","Deep Carved"
"PGC454",,"PGC454.jpg","Deep Carved"
"PGC453",,"PGC453.jpg","Deep Carved"
"PGC452",,"PGC452.jpg","Deep Carved"
"PGC451",,"PGC451.jpg","Deep Carved"
"PGC449",,"PGC449.jpg","Deep Carved"
"PGC448",,"PGC448.jpg","Deep Carved"
"PGC447b",,"PGC447b.jpg","Deep Carved"
"PGC447a",,"PGC447a.jpg","Deep Carved"
"PGC446a",,"PGC446a.jpg","Deep Carved"
"PGC446",,"PGC446.jpg","Deep Carved"
"PGC445",,"PGC445.jpg","Deep Carved"
"PGC443",,"PGC443.jpg","Deep Carved"
"PGC442d",,"PGC442d.jpg","Deep Carved"
"PGC442c",,"PGC442c.jpg","Deep Carved"
"PGC442b",,"PGC442b.jpg","Deep Carved"
"PGC442a",,"PGC442a.jpg","Deep Carved"
"PGC441b",,"PGC441b.jpg","Deep Carved"
"PGC441a",,"PGC441a.jpg","Deep Carved"
"PGC440",,"PGC440.jpg","Deep Carved"
"PGC439",,"PGC439.jpg","Deep Carved"
"PGC438",,"PGC438.jpg","Deep Carved"
"PGC437",,"PGC437.jpg","Deep Carved"
"PGC436",,"PGC436.jpg","Deep Carved"
"PGC435",,"PGC435.jpg","Deep Carved"
"PGC434",,"PGC434.jpg","Deep Carved"
"PGC433",,"PGC433.jpg","Deep Carved"
"PGC432",,"PGC432.jpg","Deep Carved"
"PGC431",,"PGC431.jpg","Deep Carved"
"PGC430",,"PGC430.jpg","Deep Carved"
"PGC429",,"PGC429.jpg","Deep Carved"
"PGC428",,"PGC428.jpg","Deep Carved"
"PGC427_1",,"PGC427_1.JPG","Deep Carved"
"PGC427",,"PGC427.jpg","Deep Carved"
"PGC426",,"PGC426.jpg","Deep Carved"
"PGC425",,"PGC425.jpg","Deep Carved"
"PGC424",,"PGC424.jpg","Deep Carved"
"PGC423",,"PGC423.jpg","Deep Carved"
"PGC422",,"PGC422.jpg","Deep Carved"
"PGC421",,"PGC421.jpg","Deep Carved"
"PGC420_1",,"PGC420_1.JPG","Deep Carved"
"PGC420",,"PGC420.jpg","Deep Carved"
"PGC419",,"PGC419.jpg","Deep Carved"
"PGC418",,"PGC418.jpg","Deep Carved"
"PGC417",,"PGC417.jpg","Deep Carved"
"PGC416",,"PGC416.jpg","Deep Carved"
"PGC415",,"PGC415.jpg","Deep Carved"
"PGC414",,"PGC414.jpg","Deep Carved"
"PGC413",,"PGC413.jpg","Deep Carved"
"PGC412",,"PGC412.jpg","Deep Carved"
"PGC411",,"PGC411.jpg","Deep Carved"
"PGC410",,"PGC410.jpg","Deep Carved"
"PGC409",,"PGC409.JPG","Deep Carved"
"PGC408",,"PGC408.JPG","Deep Carved"
"PGC407",,"PGC407.JPG","Deep Carved"
"PGC406_Scw",,"PGC406_Scw.jpg","Deep Carved"
"PGC406",,"PGC406.JPG","Deep Carved"
"PGC405",,"PGC405.JPG","Deep Carved"
"PGC404A",,"PGC404A.JPG","Deep Carved"
"PGC404",,"PGC404.JPG","Deep Carved"
"PGC403",,"PGC403.JPG","Deep Carved"
"PGC402A",,"PGC402A.jpg","Deep Carved"
"PGC402",,"PGC402.jpg","Deep Carved"
"PGC401a",,"PGC401a.JPG","Deep Carved"
"PGC401",,"PGC401.JPG","Deep Carved"
"PGC400",,"PGC400.JPG","Deep Carved"
"PGC379",,"PGC379.jpg","Deep Carved"
"PGC378",,"PGC378.jpg","Deep Carved"
"PGC377",,"PGC377.jpg","Deep Carved"
"PGC376",,"PGC376.jpg","Deep Carved"
"PGC375",,"PGC375.jpg","Deep Carved"
"PGC374",,"PGC374.jpg","Deep Carved"
"PGC373",,"PGC373.jpg","Deep Carved"
"PGC372",,"PGC372.jpg","Deep Carved"
"PGC371",,"PGC371.jpg","Deep Carved"
"PGC369",,"PGC369.jpg","Deep Carved"
"PGC368",,"PGC368.jpg","Deep Carved"
"PGC367",,"PGC367.jpg","Deep Carved"
"PGC366",,"PGC366.jpg","Deep Carved"
"PGC365",,"PGC365.jpg","Deep Carved"
"PGC364",,"PGC364.jpg","Deep Carved"
"PGC363",,"PGC363.jpg","Deep Carved"
"PGC353",,"PGC353.jpg","Deep Carved"
"PGC349",,"PGC349.jpg","Deep Carved"
"PGC348",,"PGC348.jpg","Deep Carved"
"PGC346",,"PGC346.jpg","Deep Carved"
"PGC345",,"PGC345.jpg","Deep Carved"
"PGC343",,"PGC343.jpg","Deep Carved"
"PGC341",,"PGC341.jpg","Deep Carved"
"PGC340",,"PGC340.jpg","Deep Carved"
"PGC339",,"PGC339.jpg","Deep Carved"
"PGC338",,"PGC338.jpg","Deep Carved"
"PGC337",,"PGC337.jpg","Deep Carved"
"PGC336",,"PGC336.jpg","Deep Carved"
"PGC335",,"PGC335.jpg","Deep Carved"
"PGC334",,"PGC334.jpg","Deep Carved"
"PGC333",,"PGC333.jpg","Deep Carved"
"PGC332",,"PGC332.jpg","Deep Carved"
"PGC331",,"PGC331.jpg","Deep Carved"
"PGC330",,"PGC330.jpg","Deep Carved"
"PGC329",,"PGC329.jpg","Deep Carved"
"PGC328",,"PGC328.jpg","Deep Carved"
"PGC327",,"PGC327.jpg","Deep Carved"
"PGC326",,"PGC326.jpg","Deep Carved"
"PGC325",,"PGC325.jpg","Deep Carved"
"PGC324",,"PGC324.jpg","Deep Carved"
"PGC323",,"PGC323.jpg","Deep Carved"
"PGC322",,"PGC322.jpg","Deep Carved"
"PGC321",,"PGC321.jpg","Deep Carved"
"PGC320",,"PGC320.jpg","Deep Carved"
"PGC319",,"PGC319.jpg","Deep Carved"
"PGC318",,"PGC318.jpg","Deep Carved"
"PGC317",,"PGC317.jpg","Deep Carved"
"PGC316",,"PGC316.jpg","Deep Carved"
"PGC315",,"PGC315.jpg","Deep Carved"
"PGC314",,"PGC314.jpg","Deep Carved"
"PGC313",,"PGC313.jpg","Deep Carved"
"PGC312",,"PGC312.jpg","Deep Carved"
"PGC310",,"PGC310.jpg","Deep Carved"
"PGC309",,"PGC309.jpg","Deep Carved"
"PGC308",,"PGC308.jpg","Deep Carved"
"PGC307",,"PGC307.jpg","Deep Carved"
"PGC306",,"PGC306.jpg","Deep Carved"
"PGC305",,"PGC305.jpg","Deep Carved"
"PGC304",,"PGC304.jpg","Deep Carved"
"PGC303",,"PGC303.jpg","Deep Carved"
"PGC302",,"PGC302.jpg","Deep Carved"
"PGC301",,"PGC301.jpg","Deep Carved"
"PGC300",,"PGC300.jpg","Deep Carved"
"PGC294",,"PGC294.jpg","Deep Carved"
"PGC293",,"PGC293.jpg","Deep Carved"
"PGC292",,"PGC292.jpg","Deep Carved"
"PGC291",,"PGC291.jpg","Deep Carved"
"PGC290",,"PGC290.jpg","Deep Carved"
"PGC289",,"PGC289.jpg","Deep Carved"
"PGC288",,"PGC288.jpg","Deep Carved"
"PGC287",,"PGC287.jpg","Deep Carved"
"PGC286",,"PGC286.jpg","Deep Carved"
"PGC285",,"PGC285.jpg","Deep Carved"
"PGC284",,"PGC284.jpg","Deep Carved"
"PGC283",,"PGC283.jpg","Deep Carved"
"PGC282",,"PGC282.jpg","Deep Carved"
"PGC281",,"PGC281.jpg","Deep Carved"
"PGC280",,"PGC280.jpg","Deep Carved"
"PGC279",,"PGC279.jpg","Deep Carved"
"PGC278",,"PGC278.jpg","Deep Carved"
"PGC277",,"PGC277.jpg","Deep Carved"
"PGC276",,"PGC276.jpg","Deep Carved"
"PGC275",,"PGC275.jpg","Deep Carved"
"PGC274",,"PGC274.jpg","Deep Carved"
"PGC273",,"PGC273.jpg","Deep Carved"
"PGC272",,"PGC272.jpg","Deep Carved"
"PGC271",,"PGC271.jpg","Deep Carved"
"PGC270",,"PGC270.jpg","Deep Carved"
"PGC269",,"PGC269.jpg","Deep Carved"
"PGC268",,"PGC268.jpg","Deep Carved"
"PGC267",,"PGC267.jpg","Deep Carved"
"PGC266",,"PGC266.jpg","Deep Carved"
"PGC265",,"PGC265.jpg","Deep Carved"
"PGC264",,"PGC264.jpg","Deep Carved"
"PGC263",,"PGC263.jpg","Deep Carved"
"PGC262",,"PGC262.jpg","Deep Carved"
"PGC261",,"PGC261.jpg","Deep Carved"
"PGC260",,"PGC260.jpg","Deep Carved"
"PGC259",,"PGC259.jpg","Deep Carved"
"PGC258",,"PGC258.jpg","Deep Carved"
"PGC257",,"PGC257.jpg","Deep Carved"
"PGC256",,"PGC256.jpg","Deep Carved"
"PGC255",,"PGC255.jpg","Deep Carved"
"PGC254",,"PGC254.jpg","Deep Carved"
"PGC253",,"PGC253.jpg","Deep Carved"
"PGC252",,"PGC252.jpg","Deep Carved"
"PGC251",,"PGC251.jpg","Deep Carved"
"PGC250",,"PGC250.jpg","Deep Carved"
"PGC246",,"PGC246.jpg","Deep Carved"
"PGC245",,"PGC245.jpg","Deep Carved"
"PGC244",,"PGC244.jpg","Deep Carved"
"PGC243",,"PGC243.jpg","Deep Carved"
"PGC242",,"PGC242.jpg","Deep Carved"
"PGC241",,"PGC241.jpg","Deep Carved"
"PGC240",,"PGC240.jpg","Deep Carved"
"PGC239",,"PGC239.jpg","Deep Carved"
"PGC238",,"PGC238.jpg","Deep Carved"
"PGC237",,"PGC237.jpg","Deep Carved"
"PGC236",,"PGC236.jpg","Deep Carved"
"PGC235",,"PGC235.jpg","Deep Carved"
"PGC234",,"PGC234.jpg","Deep Carved"
"PGC233",,"PGC233.jpg","Deep Carved"
"PGC232",,"PGC232.jpg","Deep Carved"
"PGC231",,"PGC231.jpg","Deep Carved"
"PGC230",,"PGC230.jpg","Deep Carved"
"PGC229",,"PGC229.jpg","Deep Carved"
"PGC228",,"PGC228.jpg","Deep Carved"
"PGC227",,"PGC227.jpg","Deep Carved"
"PGC226",,"PGC226.jpg","Deep Carved"
"PGC225",,"PGC225.jpg","Deep Carved"
"PGC224",,"PGC224.jpg","Deep Carved"
"PGC223",,"PGC223.jpg","Deep Carved"
"PGC221",,"PGC221.jpg","Deep Carved"
"PGC215",,"PGC215.jpg","Deep Carved"
"PGC214",,"PGC214.jpg","Deep Carved"
"PGC213",,"PGC213.jpg","Deep Carved"
"PGC212",,"PGC212.jpg","Deep Carved"
"PGC211",,"PGC211.jpg","Deep Carved"
"PGC210",,"PGC210.jpg","Deep Carved"
"PGC209",,"PGC209.jpg","Deep Carved"
"PGC208",,"PGC208.jpg","Deep Carved"
"PGC207",,"PGC207.jpg","Deep Carved"
"PGC206",,"PGC206.jpg","Deep Carved"
"PGC205",,"PGC205.jpg","Deep Carved"
"PGC204",,"PGC204.jpg","Deep Carved"
"PGC203",,"PGC203.jpg","Deep Carved"
"PGC202",,"PGC202.jpg","Deep Carved"
"PGC201",,"PGC201.jpg","Deep Carved"
"PGC200",,"PGC200.jpg","Deep Carved"
"PGC198B",,"PGC198B.jpg","Deep Carved"
"PGC198",,"PGC198.jpg","Deep Carved"
"PGC197",,"PGC197.jpg","Deep Carved"
"PGC196_A",,"PGC196_A.jpg","Deep Carved"
"PGC196",,"PGC196.jpg","Deep Carved"
"PGC195",,"PGC195.jpg","Deep Carved"
"PGC194",,"PGC194.jpg","Deep Carved"
"PGC193",,"PGC193.jpg","Deep Carved"
"PGC192",,"PGC192.jpg","Deep Carved"
"PGC191",,"PGC191.jpg","Deep Carved"
"PGC190",,"PGC190.jpg","Deep Carved"
"PGC189",,"PGC189.jpg","Deep Carved"
"PGC188",,"PGC188.jpg","Deep Carved"
"PGC186",,"PGC186.jpg","Deep Carved"
"PGC185",,"PGC185.jpg","Deep Carved"
"PGC184_A",,"PGC184_A.jpg","Deep Carved"
"PGC184",,"PGC184.jpg","Deep Carved"
"PGC183",,"PGC183.jpg","Deep Carved"
"PGC182",,"PGC182.jpg","Deep Carved"
"PGC181",,"PGC181.jpg","Deep Carved"
"PGC180",,"PGC180.jpg","Deep Carved"
"PGC179",,"PGC179.jpg","Deep Carved"
"PGC178",,"PGC178.jpg","Deep Carved"
"PGC177",,"PGC177.jpg","Deep Carved"
"PGC176",,"PGC176.jpg","Deep Carved"
"PGC175",,"PGC175.jpg","Deep Carved"
"PGC174",,"PGC174.jpg","Deep Carved"
"PGC173",,"PGC173.jpg","Deep Carved"
"PGC172",,"PGC172.jpg","Deep Carved"
"PGC171",,"PGC171.jpg","Deep Carved"
"PGC170",,"PGC170.jpg","Deep Carved"
"PGC169",,"PGC169.jpg","Deep Carved"
"PGC168_2",,"PGC168_2.jpg","Deep Carved"
"PGC168",,"PGC168.jpg","Deep Carved"
"PGC167Close",,"PGC167Close.jpg","Deep Carved"
"PGC167",,"PGC167.jpg","Deep Carved"
"PGC166",,"PGC166.jpg","Deep Carved"
"PGC165",,"PGC165.jpg","Deep Carved"
"PGC164",,"PGC164.jpg","Deep Carved"
"PGC163",,"PGC163.jpg","Deep Carved"
"PGC162",,"PGC162.jpg","Deep Carved"
"PGC161",,"PGC161.jpg","Deep Carved"
"PGC160",,"PGC160.jpg","Deep Carved"
"PGC159",,"PGC159.jpg","Deep Carved"
"PGC158",,"PGC158.jpg","Deep Carved"
"PGC157",,"PGC157.jpg","Deep Carved"
"PGC156",,"PGC156.jpg","Deep Carved"
"PGC155",,"PGC155.jpg","Deep Carved"
"PGC154",,"PGC154.jpg","Deep Carved"
"PGC153",,"PGC153.jpg","Deep Carved"
"PGC152",,"PGC152.jpg","Deep Carved"
"PGC151",,"PGC151.jpg","Deep Carved"
"PGC150",,"PGC150.jpg","Deep Carved"
"PGC149",,"PGC149.jpg","Deep Carved"
"PGC148",,"PGC148.jpg","Deep Carved"
"PGC147",,"PGC147.jpg","Deep Carved"
"PGC146",,"PGC146.jpg","Deep Carved"
"PGC145",,"PGC145.jpg","Deep Carved"
"PGC144",,"PGC144.jpg","Deep Carved"
"PGC143",,"PGC143.jpg","Deep Carved"
"PGC142",,"PGC142.jpg","Deep Carved"
"PGC141",,"PGC141.jpg","Deep Carved"
"PGC140",,"PGC140.jpg","Deep Carved"
"PGC139",,"PGC139.jpg","Deep Carved"
"PGC138",,"PGC138.jpg","Deep Carved"
"PGC137",,"PGC137.jpg","Deep Carved"
"PGC136",,"PGC136.jpg","Deep Carved"
"PGC135",,"PGC135.jpg","Deep Carved"
"PGC134",,"PGC134.jpg","Deep Carved"
"PGC133",,"PGC133.jpg","Deep Carved"
"PGC132",,"PGC132.jpg","Deep Carved"
"PGC131",,"PGC131.jpg","Deep Carved"
"PGC130",,"PGC130.jpg","Deep Carved"
"PGC129",,"PGC129.jpg","Deep Carved"
"PGC128",,"PGC128.jpg","Deep Carved"
"PGC127",,"PGC127.jpg","Deep Carved"
"PGC126",,"PGC126.jpg","Deep Carved"
"PGC125",,"PGC125.jpg","Deep Carved"
"PGC124",,"PGC124.jpg","Deep Carved"
"PGC123",,"PGC123.jpg","Deep Carved"
"PGC122",,"PGC122.jpg","Deep Carved"
"PGC121",,"PGC121.jpg","Deep Carved"
"PGC120",,"PGC120.jpg","Deep Carved"
"PGC119",,"PGC119.jpg","Deep Carved"
"PGC118",,"PGC118.jpg","Deep Carved"
"PGC117",,"PGC117.jpg","Deep Carved"
"PGC116",,"PGC116.jpg","Deep Carved"
"PGC115",,"PGC115.jpg","Deep Carved"
"PGC114",,"PGC114.jpg","Deep Carved"
"PGC113",,"PGC113.jpg","Deep Carved"
"PGC112",,"PGC112.jpg","Deep Carved"
"PGC110",,"PGC110.jpg","Deep Carved"
"PGC109",,"PGC109.jpg","Deep Carved"
"PGC108",,"PGC108.jpg","Deep Carved"
"PGC107",,"PGC107.jpg","Deep Carved"
"PGC106",,"PGC106.jpg","Deep Carved"
"PGC105",,"PGC105.jpg","Deep Carved"
"PGC104",,"PGC104.jpg","Deep Carved"
"PGC103",,"PGC103.jpg","Deep Carved"
"PGC101",,"PGC101.jpg","Deep Carved"
"PGB371",,"PGB371.jpg","Deep Carved"
"PGB370",,"PGB370.jpg","Deep Carved"
"PGB366",,"PGB366.jpg","Deep Carved"
"PGB365",,"PGB365.jpg","Deep Carved"
"PGB364",,"PGB364.jpg","Deep Carved"
"PGB355",,"PGB355.jpg","Deep Carved"
"PGB354",,"PGB354.jpg","Deep Carved"
"PGB353",,"PGB353.jpg","Deep Carved"
"PGB352",,"PGB352.jpg","Deep Carved"
"PGB351",,"PGB351.jpg","Deep Carved"
"PGB350",,"PGB350.jpg","Deep Carved"
"PGB349",,"PGB349.jpg","Deep Carved"
"PGB348",,"PGB348.jpg","Deep Carved"
"PGB347",,"PGB347.jpg","Deep Carved"
"PGB346",,"PGB346.jpg","Deep Carved"
"PGB331",,"PGB331.jpg","Deep Carved"
"PGB324",,"PGB324.jpg","Deep Carved"
"PGB322",,"PGB322.jpg","Deep Carved"
"PGB313",,"PGB313.jpg","Deep Carved"
"PGB312",,"PGB312.jpg","Deep Carved"
"PGB310",,"PGB310.jpg","Deep Carved"
"PGB309",,"PGB309.jpg","Deep Carved"
"PGB308",,"PGB308.jpg","Deep Carved"
"PGB307",,"PGB307.jpg","Deep Carved"
"PGB306",,"PGB306.jpg","Deep Carved"
"PGB304",,"PGB304.jpg","Deep Carved"
"PGB303",,"PGB303.jpg","Deep Carved"
"PGB302",,"PGB302.jpg","Deep Carved"
"PGB301",,"PGB301.jpg","Deep Carved"
"PGB139",,"PGB139.jpg","Deep Carved"
"PGB138",,"PGB138.jpg","Deep Carved"
"PGB137",,"PGB137.jpg","Deep Carved"
"PGB136",,"PGB136.jpg","Deep Carved"
"PGB135",,"PGB135.jpg","Deep Carved"
"PGB131",,"PGB131.jpg","Deep Carved"
"PGB127",,"PGB127.jpg","Deep Carved"
"PGB126",,"PGB126.jpg","Deep Carved"
"PGB125",,"PGB125.jpg","Deep Carved"
"PGB122",,"PGB122.jpg","Deep Carved"
"PGB120",,"PGB120.jpg","Deep Carved"
"PGB119",,"PGB119.jpg","Deep Carved"
"PGB117",,"PGB117.jpg","Deep Carved"
"PGB115",,"PGB115.jpg","Deep Carved"
"PGB114",,"PGB114.jpg","Deep Carved"
"PGB113",,"PGB113.jpg","Deep Carved"
"PGB111",,"PGB111.jpg","Deep Carved"
"PGB110",,"PGB110.jpg","Deep Carved"
"PGB108",,"PGB108.jpg","Deep Carved"
"PGB107",,"PGB107.jpg","Deep Carved"
"PGB106",,"PGB106.jpg","Deep Carved"
"PGB103",,"PGB103.jpg","Deep Carved"
"PGB102",,"PGB102.jpg","Deep Carved"
"PGB060",,"PGB060.jpg","Deep Carved"
"PGB059",,"PGB059.jpg","Deep Carved"
"PGA525",,"PGA525.jpg","Deep Carved"
"PGA524",,"PGA524.jpg","Deep Carved"
"PGA523",,"PGA523.jpg","Deep Carved"
"PGA522",,"PGA522.jpg","Deep Carved"
"PGA519",,"PGA519.jpg","Deep Carved"
"PGA515",,"PGA515.jpg","Deep Carved"
"PGA513",,"PGA513.jpg","Deep Carved"
"PGA512",,"PGA512.jpg","Deep Carved"
"PGA511",,"PGA511.jpg","Deep Carved"
"PGA510",,"PGA510.jpg","Deep Carved"
"PGA509",,"PGA509.jpg","Deep Carved"
"PGA508",,"PGA508.jpg","Deep Carved"
"PGA507",,"PGA507.jpg","Deep Carved"
"PGA506",,"PGA506.jpg","Deep Carved"
"PGA505",,"PGA505.jpg","Deep Carved"
"PGA503",,"PGA503.jpg","Deep Carved"
"PGA502",,"PGA502.jpg","Deep Carved"
"PGA501",,"PGA501.jpg","Deep Carved"
"PGA477",,"PGA477.jpg","Deep Carved"
"PGA476",,"PGA476.jpg","Deep Carved"
"PGA475",,"PGA475.jpg","Deep Carved"
"PGA474",,"PGA474.jpg","Deep Carved"
"PGA473",,"PGA473.jpg","Deep Carved"
"PGA472",,"PGA472.jpg","Deep Carved"
"PGA471",,"PGA471.jpg","Deep Carved"
"PGA470",,"PGA470.jpg","Deep Carved"
"PGA469",,"PGA469.jpg","Deep Carved"
"PGA468",,"PGA468.jpg","Deep Carved"
"PGA467",,"PGA467.jpg","Deep Carved"
"PGA466",,"PGA466.jpg","Deep Carved"
"PGA465",,"PGA465.jpg","Deep Carved"
"PGA464",,"PGA464.jpg","Deep Carved"
"PGA463",,"PGA463.jpg","Deep Carved"
"PGA462",,"PGA462.jpg","Deep Carved"
"PGA461",,"PGA461.jpg","Deep Carved"
"PGA460",,"PGA460.jpg","Deep Carved"
"PGA459",,"PGA459.jpg","Deep Carved"
"PGA458",,"PGA458.jpg","Deep Carved"
"PGA457",,"PGA457.jpg","Deep Carved"
"PGA456",,"PGA456.jpg","Deep Carved"
"PGA455",,"PGA455.jpg","Deep Carved"
"PGA454",,"PGA454.jpg","Deep Carved"
"PGA453",,"PGA453.jpg","Deep Carved"
"PGA452",,"PGA452.jpg","Deep Carved"
"PGA451",,"PGA451.jpg","Deep Carved"
"PGA450",,"PGA450.jpg","Deep Carved"
"PGA449",,"PGA449.jpg","Deep Carved"
"PGA448",,"PGA448.jpg","Deep Carved"
"PGA447",,"PGA447.jpg","Deep Carved"
"PGA446",,"PGA446.jpg","Deep Carved"
"PGA445",,"PGA445.jpg","Deep Carved"
"PGA444",,"PGA444.jpg","Deep Carved"
"PGA443",,"PGA443.jpg","Deep Carved"
"PGA442",,"PGA442.jpg","Deep Carved"
"PGA441",,"PGA441.jpg","Deep Carved"
"PGA439",,"PGA439.jpg","Deep Carved"
"PGA438",,"PGA438.jpg","Deep Carved"
"PGA422",,"PGA422.jpg","Deep Carved"
"PGA421",,"PGA421.jpg","Deep Carved"
"PGA420",,"PGA420.jpg","Deep Carved"
"PGA419",,"PGA419.jpg","Deep Carved"
"PGA418",,"PGA418.jpg","Deep Carved"
"PGA417",,"PGA417.jpg","Deep Carved"
"PGA416",,"PGA416.jpg","Deep Carved"
"PGA415",,"PGA415.jpg","Deep Carved"
"PGA414",,"PGA414.jpg","Deep Carved"
"PGA412",,"PGA412.jpg","Deep Carved"
"PGA411",,"PGA411.jpg","Deep Carved"
"PGA410",,"PGA410.jpg","Deep Carved"
"PGA409",,"PGA409.jpg","Deep Carved"
"PGA408",,"PGA408.jpg","Deep Carved"
"PGA407",,"PGA407.jpg","Deep Carved"
"PGA406",,"PGA406.jpg","Deep Carved"
"PGA405",,"PGA405.jpg","Deep Carved"
"PGA404",,"PGA404.jpg","Deep Carved"
"PGA403",,"PGA403.jpg","Deep Carved"
"PGA402",,"PGA402.jpg","Deep Carved"
"PGA401",,"PGA401.jpg","Deep Carved"
"PGA305",,"PGA305.jpg","Deep Carved"
"PGA302",,"PGA302.jpg","Deep Carved"
"PGA301",,"PGA301.jpg","Deep Carved"
"PGA270CL",,"PGA270CL.jpg","Deep Carved"
"PGA270",,"PGA270.jpg","Deep Carved"
"PGA268",,"PGA268.jpg","Deep Carved"
"PGA267",,"PGA267.jpg","Deep Carved"
"PGA266",,"PGA266.jpg","Deep Carved"
"PGA265",,"PGA265.jpg","Deep Carved"
"PGA262",,"PGA262.jpg","Deep Carved"
"PGA256",,"PGA256.jpg","Deep Carved"
"PGA255",,"PGA255.jpg","Deep Carved"
"PGA252",,"PGA252.jpg","Deep Carved"
"PGA249",,"PGA249.jpg","Deep Carved"
"PGA247",,"PGA247.jpg","Deep Carved"
"PGA245",,"PGA245.jpg","Deep Carved"
"PGA244",,"PGA244.jpg","Deep Carved"
"PGA243",,"PGA243.jpg","Deep Carved"
"PGA242",,"PGA242.jpg","Deep Carved"
"PGA241",,"PGA241.jpg","Deep Carved"
"PGA240A",,"PGA240A.jpg","Deep Carved"
"PGA240",,"PGA240.jpg","Deep Carved"
"PGA238",,"PGA238.jpg","Deep Carved"
"PGA231",,"PGA231.jpg","Deep Carved"
"PGA230",,"PGA230.jpg","Deep Carved"
"PGA229",,"PGA229.jpg","Deep Carved"
"PGA224",,"PGA224.jpg","Deep Carved"
"PGA223",,"PGA223.jpg","Deep Carved"
"PGA222",,"PGA222.jpg","Deep Carved"
"PGA221",,"PGA221.jpg","Deep Carved"
"PGA220",,"PGA220.jpg","Deep Carved"
"PGA219",,"PGA219.jpg","Deep Carved"
"PGA218",,"PGA218.jpg","Deep Carved"
"PGA217",,"PGA217.jpg","Deep Carved"
"PGA216",,"PGA216.jpg","Deep Carved"
"PGA215",,"PGA215.jpg","Deep Carved"
"PGA214",,"PGA214.jpg","Deep Carved"
"PGA213",,"PGA213.jpg","Deep Carved"
"PGA212",,"PGA212.jpg","Deep Carved"
"PGA209",,"PGA209.jpg","Deep Carved"
"PGA206",,"PGA206.jpg","Deep Carved"
"PGA205",,"PGA205.jpg","Deep Carved"
"PGA204",,"PGA204.jpg","Deep Carved"
"PGA203",,"PGA203.jpg","Deep Carved"
"PGA202",,"PGA202.jpg","Deep Carved"
"PGA201",,"PGA201.jpg","Deep Carved"
"PGA106",,"PGA106.jpg","Deep Carved"
"PGA105",,"PGA105.jpg","Deep Carved"
"PGA104",,"PGA104.jpg","Deep Carved"
"PGA103",,"PGA103.jpg","Deep Carved"
"PGA102",,"PGA102.jpg","Deep Carved"
"PGA101",,"PGA101.jpg","Deep Carved"
"PDV102",,"PDV102.jpg","Deep Carved"
"PDV101",,"PDV101.jpg","Deep Carved"
"100_1639",,"100_1639.JPG","Doors"
"100_1640",,"100_1640.JPG","Doors"
"Pict_117",,"Pict_117.jpg","Doors"
"Pict_117_2",,"Pict_117_2.jpg","Doors"
"Pict_118",,"Pict_118.jpg","Doors"
"Pict_118_2",,"Pict_118_2.jpg","Doors"
"Pict_118_3",,"Pict_118_3.jpg","Doors"
"Pict_152",,"Pict_152.jpg","Doors"
"Pict_153",,"Pict_153.jpg","Doors"
"Pict_157",,"Pict_157.jpg","Doors"
"Pict_158",,"Pict_158.jpg","Doors"
"Pict_159",,"Pict_159.jpg","Doors"
"20090414102353_81690",,"20090414102353_81690.jpg","Flooring"
"20090414102421_32686",,"20090414102421_32686.jpg","Flooring"
"20090414102451_96048",,"20090414102451_96048.jpg","Flooring"
"20090414102515_14519",,"20090414102515_14519.jpg","Flooring"
"20090414102627_30708",,"20090414102627_30708.jpg","Flooring"
"20090414102702_27901",,"20090414102702_27901.jpg","Flooring"
"20090414102831_36156",,"20090414102831_36156.jpg","Flooring"
"20090414102848_94665",,"20090414102848_94665.jpg","Flooring"
"20090414102914_19517",,"20090414102914_19517.jpg","Flooring"
"Pict_130",,"Pict_130.jpg","Flooring"
"100_1520",,"100_1520.JPG","Fused"
"100_1521",,"100_1521.JPG","Fused"
"100_1523",,"100_1523.JPG","Fused"
"100_1525",,"100_1525.JPG","Fused"
"100_1526",,"100_1526.JPG","Fused"
"100_1527",,"100_1527.JPG","Fused"
"100_1528",,"100_1528.JPG","Fused"
"100_1554",,"100_1554.JPG","Fused"
"100_1555",,"100_1555.JPG","Fused"
"100_1556",,"100_1556.JPG","Fused"
"100_1557",,"100_1557.JPG","Fused"
"100_1558",,"100_1558.JPG","Fused"
"100_1559",,"100_1559.JPG","Fused"
"100_1618",,"100_1618.JPG","Fused"
"100_1619",,"100_1619.JPG","Fused"
"100_1620",,"100_1620.JPG","Fused"
"100_1621",,"100_1621.JPG","Fused"
"100_1622",,"100_1622.JPG","Fused"
"100_1623",,"100_1623.JPG","Fused"
"100_1631",,"100_1631.JPG","Fused"
"100_1632",,"100_1632.JPG","Fused"
"100_1633",,"100_1633.JPG","Fused"
"100_1676",,"100_1676.JPG","Fused"
"100_1677",,"100_1677.JPG","Fused"
"100_1678",,"100_1678.JPG","Fused"
"100_1679",,"100_1679.JPG","Fused"
"100_1680",,"100_1680.JPG","Fused"
"100_1681",,"100_1681.JPG","Fused"
"100_1682",,"100_1682.JPG","Fused"
"100_1683",,"100_1683.JPG","Fused"
"100_1684",,"100_1684.JPG","Fused"
"100_1685",,"100_1685.JPG","Fused"
"100_1876",,"100_1876.JPG","Fused"
"100_1877",,"100_1877.JPG","Fused"
"100_1878",,"100_1878.JPG","Fused"
"100_1890",,"100_1890.JPG","Fused"
"100_1932",,"100_1932.JPG","Fused"
"100_1934",,"100_1934.JPG","Fused"
"100_1935",,"100_1935.JPG","Fused"
"100_1936",,"100_1936.JPG","Fused"
"100_1937",,"100_1937.JPG","Fused"
"100_1938",,"100_1938.JPG","Fused"
"100_1952",,"100_1952.JPG","Fused"
"100_1954",,"100_1954.JPG","Fused"
"100_1955",,"100_1955.JPG","Fused"
"100_1983",,"100_1983.JPG","Fused"
"100_1986",,"100_1986.JPG","Fused"
"100_2059",,"100_2059.JPG","Fused"
"100_2060",,"100_2060.JPG","Fused"
"100_2154",,"100_2154.JPG","Fused"
"100_2155",,"100_2155.JPG","Fused"
"100_2156",,"100_2156.JPG","Fused"
"100_2158",,"100_2158.JPG","Fused"
"100_1671",,"100_1671.JPG","Laminated"
"100_1673",,"100_1673.JPG","Laminated"
"100_1697",,"100_1697.JPG","Laminated"
"100_1703",,"100_1703.JPG","Laminated"
"100_1705",,"100_1705.JPG","Laminated"
"100_1706",,"100_1706.JPG","Laminated"
"100_1707",,"100_1707.JPG","Laminated"
"100_1708",,"100_1708.JPG","Laminated"
"100_1709",,"100_1709.JPG","Laminated"
"100_1710",,"100_1710.JPG","Laminated"
"100_1711",,"100_1711.JPG","Laminated"
"100_1712",,"100_1712.JPG","Laminated"
"100_1713",,"100_1713.JPG","Laminated"
"100_1715",,"100_1715.JPG","Laminated"
"100_1853",,"100_1853.JPG","Laminated"
"100_1854",,"100_1854.JPG","Laminated"
"100_1893",,"100_1893.JPG","Laminated"
"100_1895",,"100_1895.JPG","Laminated"
"100_1897",,"100_1897.JPG","Laminated"
"100_1902",,"100_1902.JPG","Laminated"
"100_1903",,"100_1903.JPG","Laminated"
"100_2151",,"100_2151.JPG","Laminated"
"100_2153",,"100_2153.JPG","Laminated"
"100_2164",,"100_2164.JPG","Laminated"
"100_1466",,"100_1466.JPG","Mirrors"
"100_1467",,"100_1467.JPG","Mirrors"
"Pict_89-91_2",,"Pict_89-91_2.jpg","Mirrors"
"Pict_89-91_3",,"Pict_89-91_3.jpg","Mirrors"
"Pict_92",,"Pict_92.jpg","Mirrors"
"Pict_144",,"Pict_144.jpg","Mirrors"
"Pict_144_2",,"Pict_144_2.jpg","Mirrors"
"Pict_145",,"Pict_145.jpg","Mirrors"
"Pict_145_2",,"Pict_145_2.jpg","Mirrors"
"Pict_145_3",,"Pict_145_3.jpg","Mirrors"
"Pic-089",,"Pic-089.jpg","Mirrors"
"Pic-089_2",,"Pic-089_2.jpg","Mirrors"
"Pic-089_3",,"Pic-089_3.jpg","Mirrors"
"Pic-094",,"Pic-094.jpg","Mirrors"
"Pic-094_2",,"Pic-094_2.jpg","Mirrors"
"Pic-094_3",,"Pic-094_3.jpg","Mirrors"
"Pict_84",,"Pict_84.jpg","Murals"
"Pict_85",,"Pict_85.jpg","Murals"
"Pict_87",,"Pict_87.jpg","Murals"
"Pict_87_2",,"Pict_87_2.jpg","Murals"
"Pict_87_3",,"Pict_87_3.jpg","Murals"
"Pict_87_4",,"Pict_87_4.jpg","Murals"
"Pict_88_1",,"Pict_88_1.jpg","Murals"
"100_2187",,"100_2187.JPG","Partitions"
"Pict_77",,"Pict_77.jpg","Partitions"
"Pict_78",,"Pict_78.jpg","Partitions"
"Pict_79",,"Pict_79.jpg","Partitions"
"Pict_80",,"Pict_80.jpg","Partitions"
"Pict_80_2",,"Pict_80_2.jpg","Partitions"
"Pict_82",,"Pict_82.jpg","Partitions"
"Pict_75.jpeg",,"Pict_75.jpeg","Shower Doors"
"Pict_75",,"Pict_75.jpg","Shower Doors"
"Shower_1",,"Shower_1.jpg","Shower Doors"
"Shower_2",,"Shower_2.jpg","Shower Doors"
"Shower_3",,"Shower_3.jpg","Shower Doors"
"Shower_4_1",,"Shower_4_1.jpg","Shower Doors"
"Shower_4_2",,"Shower_4_2.jpg","Shower Doors"
"Shower_4_3",,"Shower_4_3.jpg","Shower Doors"
"Shower_5",,"Shower_5.jpg","Shower Doors"
"100_1354",,"100_1354.JPG","Stacked"
"100_1355",,"100_1355.JPG","Stacked"
"100_1356",,"100_1356.JPG","Stacked"
"100_1357",,"100_1357.JPG","Stacked"
"100_1390",,"100_1390.JPG","Stacked"
"100_1391",,"100_1391.JPG","Stacked"
"100_1396",,"100_1396.JPG","Stacked"
"100_1397",,"100_1397.JPG","Stacked"
"100_1398",,"100_1398.JPG","Stacked"
"100_1399",,"100_1399.JPG","Stacked"
"100_1400",,"100_1400.JPG","Stacked"
"100_1403",,"100_1403.JPG","Stacked"
"100_1404",,"100_1404.JPG","Stacked"
"100_1405",,"100_1405.JPG","Stacked"
"100_1406",,"100_1406.JPG","Stacked"
"100_1407",,"100_1407.JPG","Stacked"
"100_1408",,"100_1408.JPG","Stacked"
"100_1424",,"100_1424.JPG","Stacked"
"100_1425",,"100_1425.JPG","Stacked"
"100_1426",,"100_1426.JPG","Stacked"
"100_1427",,"100_1427.JPG","Stacked"
"100_1441",,"100_1441.JPG","Stacked"
"100_1442",,"100_1442.JPG","Stacked"
"100_1443",,"100_1443.JPG","Stacked"
"100_1444",,"100_1444.JPG","Stacked"
"100_1445",,"100_1445.JPG","Stacked"
"100_1446",,"100_1446.JPG","Stacked"
"100_1447",,"100_1447.JPG","Stacked"
"100_1448",,"100_1448.JPG","Stacked"
"100_1449",,"100_1449.JPG","Stacked"
"100_1450",,"100_1450.JPG","Stacked"
"100_1451",,"100_1451.JPG","Stacked"
"100_1452",,"100_1452.JPG","Stacked"
"100_1453",,"100_1453.JPG","Stacked"
"100_1454",,"100_1454.JPG","Stacked"
"100_1455",,"100_1455.JPG","Stacked"
"100_1456",,"100_1456.JPG","Stacked"
"100_1457",,"100_1457.JPG","Stacked"
"100_1458",,"100_1458.JPG","Stacked"
"100_1459",,"100_1459.JPG","Stacked"
"100_1460",,"100_1460.JPG","Stacked"
"100_1461",,"100_1461.JPG","Stacked"
"100_1462",,"100_1462.JPG","Stacked"
"100_2074",,"100_2074.JPG","Stacked"
"100_2076",,"100_2076.JPG","Stacked"
"100_2077",,"100_2077.JPG","Stacked"
"100_2078",,"100_2078.JPG","Stacked"
"100_2079",,"100_2079.JPG","Stacked"
"100_2080",,"100_2080.JPG","Stacked"
"100_2082",,"100_2082.JPG","Stacked"
"100_2083",,"100_2083.JPG","Stacked"
"100_2084",,"100_2084.JPG","Stacked"
"100_2085",,"100_2085.JPG","Stacked"
"100_2086",,"100_2086.JPG","Stacked"
"100_2088",,"100_2088.JPG","Stacked"
"100_2089",,"100_2089.JPG","Stacked"
"100_2090",,"100_2090.JPG","Stacked"
"100_2091",,"100_2091.JPG","Stacked"
"100_2092",,"100_2092.JPG","Stacked"
"100_2094",,"100_2094.JPG","Stacked"
"100_2097",,"100_2097.JPG","Stacked"
"100_2101",,"100_2101.JPG","Stacked"
"100_2102",,"100_2102.JPG","Stacked"
"100_2103",,"100_2103.JPG","Stacked"
"100_2104",,"100_2104.JPG","Stacked"
"100_2114",,"100_2114.JPG","Stacked"
"100_2120",,"100_2120.JPG","Stacked"
"100_2125",,"100_2125.JPG","Stacked"
"100_2127",,"100_2127.JPG","Stacked"
"100_2130",,"100_2130.JPG","Stacked"
"100_2131",,"100_2131.JPG","Stacked"
"100_2132",,"100_2132.JPG","Stacked"
"100_2133",,"100_2133.JPG","Stacked"
"100_2134",,"100_2134.JPG","Stacked"
"100_2135",,"100_2135.JPG","Stacked"
"100_2147",,"100_2147.JPG","Stacked"
"100_2179",,"100_2179.JPG","Stacked"
"100_2180",,"100_2180.JPG","Stacked"
"100_2181",,"100_2181.JPG","Stacked"
"100_2185",,"100_2185.JPG","Stacked"
"DSCF5599",,"DSCF5599.JPG","Stacked"
"DSCF5600",,"DSCF5600.JPG","Stacked"
"DSCF5601",,"DSCF5601.JPG","Stacked"
"DSCF5602",,"DSCF5602.JPG","Stacked"
"SC101",,"SC101.jpg","Stacked"
"SC102",,"SC102.jpg","Stacked"
"SC103",,"SC103.jpg","Stacked"
"SC104",,"SC104.jpg","Stacked"
"SC105",,"SC105.jpg","Stacked"
"SC106",,"SC106.jpg","Stacked"
"SC107",,"SC107.jpg","Stacked"
"SC108",,"SC108.jpg","Stacked"
"SC109.2",,"SC109.2.jpg","Stacked"
"SC109",,"SC109.jpg","Stacked"
"SC110",,"SC110.jpg","Stacked"
"SC201",,"SC201.jpg","Stacked"
"SC202",,"SC202.jpg","Stacked"
"SC203",,"SC203.jpg","Stacked"
"SC204",,"SC204.jpg","Stacked"
"SC301",,"SC301.jpg","Stacked"
"SC303",,"SC303.jpg","Stacked"
"SC304",,"SC304.jpg","Stacked"
"SC305",,"SC305.jpg","Stacked"
"SC306",,"SC306.jpg","Stacked"
"SC307",,"SC307.jpg","Stacked"
"SC308",,"SC308.jpg","Stacked"
"SC309.2",,"SC309.2.jpg","Stacked"
"SC309",,"SC309.jpg","Stacked"
"SC310",,"SC310.jpg","Stacked"
"SC310_A",,"SC310_A.jpg","Stacked"
"SC311",,"SC311.jpg","Stacked"
"SC312",,"SC312.jpg","Stacked"
"SC313",,"SC313.jpg","Stacked"
"SC314",,"SC314.jpg","Stacked"
"SC315",,"SC315.jpg","Stacked"
"SC316",,"SC316.jpg","Stacked"
"SC317",,"SC317.jpg","Stacked"
"SC318",,"SC318.jpg","Stacked"
"SC319",,"SC319.jpg","Stacked"
"SC320",,"SC320.jpg","Stacked"
"SC321",,"SC321.jpg","Stacked"
"SC323",,"SC323.JPG","Stacked"
"SC323A",,"SC323A.JPG","Stacked"
"SC323B",,"SC323B.JPG","Stacked"
"SC323C",,"SC323C.JPG","Stacked"
"SC323D",,"SC323D.JPG","Stacked"
"SC323E",,"SC323E.JPG","Stacked"
"SC324",,"SC324.JPG","Stacked"
"SC325",,"SC325.jpg","Stacked"
"SC_PGB315_Stacked",,"SC_PGB315_Stacked.jpg","Stacked"
"SC_PGB316_Stacked",,"SC_PGB316_Stacked.jpg","Stacked"
"SC_PGB318_stacked",,"SC_PGB318_stacked.jpg","Stacked"
"SC_PGB320_stacked",,"SC_PGB320_stacked.jpg","Stacked"
"SC_PGB321_stacked",,"SC_PGB321_stacked.jpg","Stacked"
"SC_PGB328_stacked",,"SC_PGB328_stacked.jpg","Stacked"
"100_1504",,"100_1504.JPG","Various"
"100_1532",,"100_1532.JPG","Various"
"100_1533",,"100_1533.JPG","Various"
"100_1536",,"100_1536.JPG","Various"
"100_1538",,"100_1538.JPG","Various"
"100_1562",,"100_1562.JPG","Various"
"100_1563",,"100_1563.JPG","Various"
"100_1692",,"100_1692.JPG","Various"
"100_1693",,"100_1693.JPG","Various"
"100_1875",,"100_1875.JPG","Various"
"100_2217",,"100_2217.JPG","Various"
"100_2221",,"100_2221.JPG","Various"
"DSCF5552",,"DSCF5552.JPG","Various"
"DSCF5553",,"DSCF5553.JPG","Various"
"DSCF5554",,"DSCF5554.JPG","Various"
"DSCF5555",,"DSCF5555.JPG","Various"
"DSCF5556",,"DSCF5556.JPG","Various"
"DSCF5557",,"DSCF5557.JPG","Various"
"DSCF5558",,"DSCF5558.JPG","Various"
"DSCF5559",,"DSCF5559.JPG","Various"
"DSCF5565",,"DSCF5565.JPG","Various"
"DSCF5566",,"DSCF5566.JPG","Various"
"DSCF5567",,"DSCF5567.JPG","Various"
"DSCF5568",,"DSCF5568.JPG","Various"
"DSCF5569",,"DSCF5569.JPG","Various"
"DSCF5570",,"DSCF5570.JPG","Various"
"DSCF5571",,"DSCF5571.JPG","Various"
"DSCF5590",,"DSCF5590.JPG","Various"
"DSCF5591",,"DSCF5591.JPG","Various"
"DSCF5592",,"DSCF5592.JPG","Various"
"DSCF5593",,"DSCF5593.JPG","Various"
"DSCF5594",,"DSCF5594.JPG","Various"
"DSCF5595",,"DSCF5595.JPG","Various"
"Pict_160_Balls_1",,"Pict_160_Balls_1.jpg","Various"
"Pict_161_Balls",,"Pict_161_Balls.jpg","Various"
"Pict_161_Balls_2",,"Pict_161_Balls_2.jpg","Various"
"Pict_162_Banister",,"Pict_162_Banister.jpg","Various"
"Pict_162_Banister_2",,"Pict_162_Banister_2.jpg","Various"
"Pict_162_Banister_3",,"Pict_162_Banister_3.jpg","Various"
"SC_GlassBalls_101",,"SC_GlassBalls_101.jpg","Various"
"SC_GlassBalls_102",,"SC_GlassBalls_102.jpg","Various"
"SC_GlassBalls_103",,"SC_GlassBalls_103.jpg","Various"
"SC_GlassBalls_104",,"SC_GlassBalls_104.jpg","Various"
"Z065",,"Z065.jpg","Various"
"Z066",,"Z066.jpg","Various"
"Z090",,"Z090.jpg","Various"
"Z090a",,"Z090a.jpg","Various"
"Z090b",,"Z090b.jpg","Various"
"pic-063",,"pic-063.jpg","Various"
"pic-064",,"pic-064.jpg","Various"
"pic-065",,"pic-065.jpg","Various"
"pic-066",,"pic-066.jpg","Various"
"100_1431",,"100_1431.JPG","Wall Art"
"100_2121",,"100_2121.JPG","Wall Art"
"Pict_93",,"Pict_93.jpg","Wall Art"
"Pict_93_2",,"Pict_93_2.jpg","Wall Art"
"Pict_94",,"Pict_94.jpg","Wall Art"
"Pict_94_2",,"Pict_94_2.jpg","Wall Art"
"Pict_95-98",,"Pict_95-98.jpg","Wall Art"
"Pict_95-98_3",,"Pict_95-98_3.jpg","Wall Art"
"Pict_95-98_4",,"Pict_95-98_4.jpg","Wall Art"
"Pict_99",,"Pict_99.jpg","Wall Art"
"Pict_99_2",,"Pict_99_2.jpg","Wall Art"
"Pict_99_3",,"Pict_99_3.jpg","Wall Art"
"Pict_99_4",,"Pict_99_4.jpg","Wall Art"
"Pict_100-101",,"Pict_100-101.jpg","Wall Art"
"Pict_100-101_2",,"Pict_100-101_2.jpg","Wall Art"
"Pict_100-101_3",,"Pict_100-101_3.jpg","Wall Art"
"Pict_100-101_4",,"Pict_100-101_4.jpg","Wall Art"
"Pict_100-101_5",,"Pict_100-101_5.jpg","Wall Art"
"Pict_100-101_6",,"Pict_100-101_6.jpg","Wall Art"
"Pict_102",,"Pict_102.jpg","Wall Art"
"Pict_102_2",,"Pict_102_2.jpg","Wall Art"
"Pict_102_3",,"Pict_102_3.jpg","Wall Art"
"Pict_102_4",,"Pict_102_4.jpg","Wall Art"
"Pict_103-108",,"Pict_103-108.jpg","Wall Art"
"Pict_103-108_2",,"Pict_103-108_2.jpg","Wall Art"
"Pict_103-108_3",,"Pict_103-108_3.jpg","Wall Art"
"Pict_103-108_4",,"Pict_103-108_4.jpg","Wall Art"
"Pict_103-108_5",,"Pict_103-108_5.jpg","Wall Art"
"Pict_103-108_6",,"Pict_103-108_6.jpg","Wall Art"
"Pict_103-108_7",,"Pict_103-108_7.jpg","Wall Art"
"Pict_103-108_8",,"Pict_103-108_8.jpg","Wall Art"
"Pict_109",,"Pict_109.jpg","Wall Art"
"Pict_109_2",,"Pict_109_2.jpg","Wall Art"
"Pict_109_3",,"Pict_109_3.jpg","Wall Art"
"Pict_109_4",,"Pict_109_4.jpg","Wall Art"
"Pict_110",,"Pict_110.jpg","Wall Art"
"Pict_110_2",,"Pict_110_2.jpg","Wall Art"
"Pict_110_4",,"Pict_110_4.jpg","Wall Art"
"Pict_111",,"Pict_111.jpg","Wall Art"
"Pict_112-115",,"Pict_112-115.jpg","Wall Art"
"Pict_112-115_2",,"Pict_112-115_2.jpg","Wall Art"
"Pict_112-115_3",,"Pict_112-115_3.jpg","Wall Art"
"Pict_112-115_4",,"Pict_112-115_4.jpg","Wall Art"
"Pict_112-115_5",,"Pict_112-115_5.jpg","Wall Art"
"Pict_125",,"Pict_125.jpg","Wall Art"
"Pict_125_2",,"Pict_125_2.jpg","Wall Art"
"Pict_126",,"Pict_126.jpg","Wall Art"
"Pict_126_2",,"Pict_126_2.jpg","Wall Art"
"Pict_126_3",,"Pict_126_3.jpg","Wall Art"
"Pict_129",,"Pict_129.jpg","Wall Art"
