"title","body","image","Taxonomy type","taxonomy design"
"100 1661",,"100_1661.JPG","Chandeliers",
"100 1664",,"100_1664.JPG","Chandeliers",
"100 1643",,"100_1643.JPG","Chandeliers",
"100 1646",,"100_1646.JPG","Chandeliers",
"100 1650",,"100_1650.JPG","Chandeliers",
"100 1669",,"100_1669.JPG","Chandeliers",
"100 1666",,"100_1666.JPG","Chandeliers",
"100 1660",,"100_1660.JPG","Chandeliers",
"100 1663",,"100_1663.JPG","Chandeliers",
"100 1667",,"100_1667.JPG","Chandeliers",
"100 1656",,"100_1656.JPG","Chandeliers",
"100 1665",,"100_1665.JPG","Chandeliers",
"100 1668",,"100_1668.JPG","Chandeliers",
"100 1648",,"100_1648.JPG","Chandeliers",
"100 1653",,"100_1653.JPG","Chandeliers",
"100 1647",,"100_1647.JPG","Chandeliers",
"100 1655",,"100_1655.JPG","Chandeliers",
"100 1652",,"100_1652.JPG","Chandeliers",
"100 1657",,"100_1657.JPG","Chandeliers",
"100 1658",,"100_1658.JPG","Chandeliers",
"100 1670",,"100_1670.JPG","Chandeliers",
"100 1662",,"100_1662.JPG","Chandeliers",
"100 1649",,"100_1649.JPG","Chandeliers",
"100 1654",,"100_1654.JPG","Chandeliers",
"100 1659",,"100_1659.JPG","Chandeliers",
"100 1644",,"100_1644.JPG","Chandeliers",
"100 1651",,"100_1651.JPG","Chandeliers",
"DSCF5579",,"DSCF5579.JPG","Chandeliers",
"DSCF5573",,"DSCF5573.JPG","Chandeliers",
"DSCF5588",,"DSCF5588.JPG","Chandeliers",
"DSCF5572",,"DSCF5572.JPG","Chandeliers",
"DSCF5597",,"DSCF5597.JPG","Chandeliers",
"DSCF5583",,"DSCF5583.JPG","Chandeliers",
"DSCF5605",,"DSCF5605.JPG","Chandeliers",
"DSCF5582",,"DSCF5582.JPG","Chandeliers",
"DSCF5604",,"DSCF5604.JPG","Chandeliers",
"DSCF5589",,"DSCF5589.JPG","Chandeliers",
"DSCF5586",,"DSCF5586.JPG","Chandeliers",
"DSCF5596",,"DSCF5596.JPG","Chandeliers",
"DSCF5577",,"DSCF5577.JPG","Chandeliers",
"DSCF5598",,"DSCF5598.JPG","Chandeliers",
"DSCF5578",,"DSCF5578.JPG","Chandeliers",
"DSCF5585",,"DSCF5585.JPG","Chandeliers",
"DSCF5574",,"DSCF5574.JPG","Chandeliers",
"DSCF5584",,"DSCF5584.JPG","Chandeliers",
"DSCF5587",,"DSCF5587.JPG","Chandeliers",
"DSCF5581",,"DSCF5581.JPG","Chandeliers",
"DSCF5575",,"DSCF5575.JPG","Chandeliers",
"DSCF5576",,"DSCF5576.JPG","Chandeliers",
"DSCF5580",,"DSCF5580.JPG","Chandeliers",
