"title","body","image","Taxonomy type"
"PGC406_Scw.tif",,"PGC406_Scw.tif","Deep Carved"
"PGC183",,"PGC183.jpg","Deep Carved"
"PGC465.tif",,"PGC465.tif","Deep Carved"
"PGC445.tif",,"PGC445.tif","Deep Carved"
"PGC466.tif",,"PGC466.tif","Deep Carved"
"PGC434.tif",,"PGC434.tif","Deep Carved"
"PGC419.tif",,"PGC419.tif","Deep Carved"
"PGC422.tif",,"PGC422.tif","Deep Carved"
"PGC427.tif",,"PGC427.tif","Deep Carved"
"PGC420.tif",,"PGC420.tif","Deep Carved"
"PGC470.tif",,"PGC470.tif","Deep Carved"
"PGC462.tif",,"PGC462.tif","Deep Carved"
"PGC417.tif",,"PGC417.tif","Deep Carved"
"PGC458.tif",,"PGC458.tif","Deep Carved"
"PGC461.tif",,"PGC461.tif","Deep Carved"
"PGC411.tif",,"PGC411.tif","Deep Carved"
"PGC451.tif",,"PGC451.tif","Deep Carved"
"PGC421.tif",,"PGC421.tif","Deep Carved"
"PGC437.tif",,"PGC437.tif","Deep Carved"
"PGC515",,"PGC515.jpg","Deep Carved"
"PGC400",,"PGC400.JPG","Deep Carved"
"PGC402A.tif",,"PGC402A.tif","Deep Carved"
"PGC443.tif",,"PGC443.tif","Deep Carved"
"PGC410.tif",,"PGC410.tif","Deep Carved"
"PGC423.tif",,"PGC423.tif","Deep Carved"
"PGC176",,"PGC176.jpg","Deep Carved"
"PGC401",,"PGC401.JPG","Deep Carved"
"PGC430.tif",,"PGC430.tif","Deep Carved"
"PGC402",,"PGC402.jpg","Deep Carved"
"PGC426.tif",,"PGC426.tif","Deep Carved"
"PGC454.tif",,"PGC454.tif","Deep Carved"
"PGC174",,"PGC174.jpg","Deep Carved"
"PGC457.tif",,"PGC457.tif","Deep Carved"
"PGC424.tif",,"PGC424.tif","Deep Carved"
"PGC479",,"PGC479.jpg","Deep Carved"
"PGC416.tif",,"PGC416.tif","Deep Carved"
"PGC522_2",,"PGC522_2.JPG","Deep Carved"
"PGC504",,"PGC504.jpg","Deep Carved"
"PGC455.tif",,"PGC455.tif","Deep Carved"
"PGC456.tif",,"PGC456.tif","Deep Carved"
"PGC114",,"PGC114.jpg","Deep Carved"
"PGC415.tif",,"PGC415.tif","Deep Carved"
"PGC412.tif",,"PGC412.tif","Deep Carved"
"PGC413.tif",,"PGC413.tif","Deep Carved"
"PGC117",,"PGC117.jpg","Deep Carved"
"PGC439.tif",,"PGC439.tif","Deep Carved"
"PGC428.tif",,"PGC428.tif","Deep Carved"
"PGC440.tif",,"PGC440.tif","Deep Carved"
"PGC469.tif",,"PGC469.tif","Deep Carved"
"PGC414.tif",,"PGC414.tif","Deep Carved"
"PGC468.tif",,"PGC468.tif","Deep Carved"
"PGC105",,"PGC105.jpg","Deep Carved"
"PGC198",,"PGC198.jpg","Deep Carved"
"PGC446a.tif",,"PGC446a.tif","Deep Carved"
"PGC431.tif",,"PGC431.tif","Deep Carved"
"PGA255",,"PGA255.jpg","Deep Carved"
"PGC537",,"PGC537.JPG","Deep Carved"
"PGC425.tif",,"PGC425.tif","Deep Carved"
"PGC520_2",,"PGC520_2.JPG","Deep Carved"
"PGC177",,"PGC177.jpg","Deep Carved"
"PGC178",,"PGC178.jpg","Deep Carved"
"PGC124",,"PGC124.jpg","Deep Carved"
"PGC420_1",,"PGC420_1.JPG","Deep Carved"
"PGC453.tif",,"PGC453.tif","Deep Carved"
"PGC505",,"PGC505.JPG","Deep Carved"
"PGC186",,"PGC186.jpg","Deep Carved"
"PGC507",,"PGC507.JPG","Deep Carved"
"PGC522_1",,"PGC522_1.JPG","Deep Carved"
"PGC585_2",,"PGC585_2.JPG","Deep Carved"
"PGC525",,"PGC525.JPG","Deep Carved"
"PGC464.tif",,"PGC464.tif","Deep Carved"
"PGC585_3",,"PGC585_3.JPG","Deep Carved"
"PGC513",,"PGC513.JPG","Deep Carved"
"PGC463.tif",,"PGC463.tif","Deep Carved"
"PGC432.tif",,"PGC432.tif","Deep Carved"
"PGC539_1",,"PGC539_1.JPG","Deep Carved"
"PGC520_1",,"PGC520_1.JPG","Deep Carved"
"PGC438.tif",,"PGC438.tif","Deep Carved"
"PGC536",,"PGC536.JPG","Deep Carved"
"PGC514_2",,"PGC514_2.JPG","Deep Carved"
"PGC512",,"PGC512.JPG","Deep Carved"
"PGC533",,"PGC533.JPG","Deep Carved"
"PGC521",,"PGC521.jpg","Deep Carved"
"PGC520_3",,"PGC520_3.JPG","Deep Carved"
"PGC204",,"PGC204.jpg","Deep Carved"
"PGC120",,"PGC120.jpg","Deep Carved"
"PGC441a.tif",,"PGC441a.tif","Deep Carved"
"PGC523",,"PGC523.JPG","Deep Carved"
"PGC534",,"PGC534.JPG","Deep Carved"
"PGC586_2",,"PGC586_2.JPG","Deep Carved"
"PGC427_1",,"PGC427_1.JPG","Deep Carved"
"PGC460.tif",,"PGC460.tif","Deep Carved"
"PGC459.tif",,"PGC459.tif","Deep Carved"
"PGC193",,"PGC193.jpg","Deep Carved"
"PGC520_5",,"PGC520_5.JPG","Deep Carved"
"PGC515_1",,"PGC515_1.JPG","Deep Carved"
"PGC407",,"PGC407.JPG","Deep Carved"
"PGC101",,"PGC101.jpg","Deep Carved"
"PGC196_A",,"PGC196_A.jpg","Deep Carved"
"PGC535_1",,"PGC535_1.JPG","Deep Carved"
"PGC502",,"PGC502.jpg","Deep Carved"
"PGC435.tif",,"PGC435.tif","Deep Carved"
"PGC436.tif",,"PGC436.tif","Deep Carved"
"PGC503",,"PGC503.jpg","Deep Carved"
"PGC441b.tif",,"PGC441b.tif","Deep Carved"
"PGC584_5",,"PGC584_5.JPG","Deep Carved"
"PGC166",,"PGC166.jpg","Deep Carved"
"PGC322",,"PGC322.jpg","Deep Carved"
"PGC585_1",,"PGC585_1.JPG","Deep Carved"
"PGC146",,"PGC146.jpg","Deep Carved"
"PGC508",,"PGC508.JPG","Deep Carved"
"PGC535",,"PGC535.JPG","Deep Carved"
"PGC197",,"PGC197.jpg","Deep Carved"
"PGC485",,"PGC485.JPG","Deep Carved"
"PGC501",,"PGC501.jpg","Deep Carved"
"PGC532",,"PGC532.JPG","Deep Carved"
"PGC539_2",,"PGC539_2.JPG","Deep Carved"
"PGC533_1",,"PGC533_1.JPG","Deep Carved"
"PGC519",,"PGC519.JPG","Deep Carved"
"PGC517_1",,"PGC517_1.JPG","Deep Carved"
"PGC584_4",,"PGC584_4.JPG","Deep Carved"
"PGC520_4",,"PGC520_4.JPG","Deep Carved"
"PGC524",,"PGC524.JPG","Deep Carved"
"PGC538",,"PGC538.JPG","Deep Carved"
"PGC184_A",,"PGC184_A.jpg","Deep Carved"
"PGC241",,"PGC241.jpg","Deep Carved"
"PGC531",,"PGC531.JPG","Deep Carved"
"PGC240",,"PGC240.jpg","Deep Carved"
"PGC404",,"PGC404.JPG","Deep Carved"
"PGC523_1",,"PGC523_1.JPG","Deep Carved"
"PGC522_3",,"PGC522_3.JPG","Deep Carved"
"PGC206",,"PGC206.jpg","Deep Carved"
"PGC584_3",,"PGC584_3.JPG","Deep Carved"
"PGC514_1",,"PGC514_1.JPG","Deep Carved"
"PGC126",,"PGC126.jpg","Deep Carved"
"PGC119",,"PGC119.jpg","Deep Carved"
"PGC301",,"PGC301.jpg","Deep Carved"
"PGC128",,"PGC128.jpg","Deep Carved"
"PGC145",,"PGC145.jpg","Deep Carved"
"PGC527",,"PGC527.JPG","Deep Carved"
"PGC409",,"PGC409.JPG","Deep Carved"
"PGC520",,"PGC520.JPG","Deep Carved"
"PGC472",,"PGC472.jpg","Deep Carved"
"PGC473",,"PGC473.jpg","Deep Carved"
"PGC418.tif",,"PGC418.tif","Deep Carved"
"PGC477",,"PGC477.jpg","Deep Carved"
"PGC584_1",,"PGC584_1.JPG","Deep Carved"
"PGC401a",,"PGC401a.JPG","Deep Carved"
"PGC406",,"PGC406.JPG","Deep Carved"
"PGC375",,"PGC375.jpg","Deep Carved"
"PGC429.tif",,"PGC429.tif","Deep Carved"
"PGC448.tif",,"PGC448.tif","Deep Carved"
"PGC584_2",,"PGC584_2.JPG","Deep Carved"
"PGC526",,"PGC526.JPG","Deep Carved"
"PGC280",,"PGC280.jpg","Deep Carved"
"PGC109",,"PGC109.jpg","Deep Carved"
"PGC588",,"PGC588.JPG","Deep Carved"
"PGC405",,"PGC405.JPG","Deep Carved"
"PGC489",,"PGC489.JPG","Deep Carved"
"PGC115",,"PGC115.jpg","Deep Carved"
"PGC523_2",,"PGC523_2.JPG","Deep Carved"
"PGC122",,"PGC122.jpg","Deep Carved"
"PGC108",,"PGC108.jpg","Deep Carved"
"PGC271",,"PGC271.jpg","Deep Carved"
"PGC245",,"PGC245.jpg","Deep Carved"
"PGC135",,"PGC135.jpg","Deep Carved"
"PGC475",,"PGC475.jpg","Deep Carved"
"PGC137",,"PGC137.jpg","Deep Carved"
"PGC487a",,"PGC487a.JPG","Deep Carved"
"PGC264",,"PGC264.jpg","Deep Carved"
"PGC433.tif",,"PGC433.tif","Deep Carved"
"PGC368",,"PGC368.jpg","Deep Carved"
"PGC485c",,"PGC485c.JPG","Deep Carved"
"PGC151",,"PGC151.jpg","Deep Carved"
"SC_GlassTiles_PTL102",,"SC_GlassTiles_PTL102.jpg","Deep Carved"
"PGC168",,"PGC168.jpg","Deep Carved"
"PGC141",,"PGC141.jpg","Deep Carved"
"PGA204",,"PGA204.jpg","Deep Carved"
"PGC379",,"PGC379.jpg","Deep Carved"
"PGC181",,"PGC181.jpg","Deep Carved"
"PGC148",,"PGC148.jpg","Deep Carved"
"PGC167Close",,"PGC167Close.jpg","Deep Carved"
"PGC172",,"PGC172.jpg","Deep Carved"
"PGC152",,"PGC152.jpg","Deep Carved"
"PGC517",,"PGC517.JPG","Deep Carved"
"PGC107",,"PGC107.jpg","Deep Carved"
"PGC131",,"PGC131.jpg","Deep Carved"
"PGC528_1",,"PGC528_1.JPG","Deep Carved"
"PGC149",,"PGC149.jpg","Deep Carved"
"PGC123",,"PGC123.jpg","Deep Carved"
"PGC484",,"PGC484.JPG","Deep Carved"
"PGC516",,"PGC516.JPG","Deep Carved"
"PGC132",,"PGC132.jpg","Deep Carved"
"PGC140",,"PGC140.jpg","Deep Carved"
"PGC528_2",,"PGC528_2.JPG","Deep Carved"
"PGC125",,"PGC125.jpg","Deep Carved"
"PGC164",,"PGC164.jpg","Deep Carved"
"PGC139",,"PGC139.jpg","Deep Carved"
"PGC493e",,"PGC493e.JPG","Deep Carved"
"PGC147",,"PGC147.jpg","Deep Carved"
"PGC171",,"PGC171.jpg","Deep Carved"
"PGC509",,"PGC509.JPG","Deep Carved"
"PGC201",,"PGC201.jpg","Deep Carved"
"PGC143",,"PGC143.jpg","Deep Carved"
"PGC121",,"PGC121.jpg","Deep Carved"
"PGC404A",,"PGC404A.JPG","Deep Carved"
"PGC154",,"PGC154.jpg","Deep Carved"
"PGC583",,"PGC583.JPG","Deep Carved"
"PGC134",,"PGC134.jpg","Deep Carved"
"PGC586_3",,"PGC586_3.JPG","Deep Carved"
"PGC446.tif",,"PGC446.tif","Deep Carved"
"PGA302.tif",,"PGA302.tif","Deep Carved"
"PGC138",,"PGC138.jpg","Deep Carved"
"PGC179",,"PGC179.jpg","Deep Carved"
"PGC500a",,"PGC500a.JPG","Deep Carved"
"PGC511",,"PGC511.JPG","Deep Carved"
"PGC306",,"PGC306.jpg","Deep Carved"
"PGC529",,"PGC529.JPG","Deep Carved"
"PGA201",,"PGA201.jpg","Deep Carved"
"PGC476",,"PGC476.jpg","Deep Carved"
"PGC127",,"PGC127.jpg","Deep Carved"
"PGC586_1",,"PGC586_1.JPG","Deep Carved"
"PGB060",,"PGB060.jpg","Deep Carved"
"PGC518",,"PGC518.JPG","Deep Carved"
"PGC208",,"PGC208.jpg","Deep Carved"
"PGC274",,"PGC274.jpg","Deep Carved"
"PGC212",,"PGC212.jpg","Deep Carved"
"PGC113",,"PGC113.jpg","Deep Carved"
"PGA214",,"PGA214.jpg","Deep Carved"
"PGC493g",,"PGC493g.JPG","Deep Carved"
"PGC209",,"PGC209.jpg","Deep Carved"
"PGC153",,"PGC153.jpg","Deep Carved"
"PGC157",,"PGC157.jpg","Deep Carved"
"PGC130",,"PGC130.jpg","Deep Carved"
"PGC116",,"PGC116.jpg","Deep Carved"
"PGC365",,"PGC365.jpg","Deep Carved"
"PGC184",,"PGC184.jpg","Deep Carved"
"PGC213",,"PGC213.jpg","Deep Carved"
"PGC167",,"PGC167.jpg","Deep Carved"
"PGC474",,"PGC474.jpg","Deep Carved"
"PGC587",,"PGC587.JPG","Deep Carved"
"PGC173",,"PGC173.jpg","Deep Carved"
"PGC364",,"PGC364.jpg","Deep Carved"
"PGC104",,"PGC104.jpg","Deep Carved"
"PDV102",,"PDV102.jpg","Deep Carved"
"PGC290",,"PGC290.jpg","Deep Carved"
"PGC165",,"PGC165.jpg","Deep Carved"
"PGC373",,"PGC373.jpg","Deep Carved"
"PGC162",,"PGC162.jpg","Deep Carved"
"PGC161",,"PGC161.jpg","Deep Carved"
"PGC169",,"PGC169.jpg","Deep Carved"
"PGC129",,"PGC129.jpg","Deep Carved"
"PGC268",,"PGC268.jpg","Deep Carved"
"PGC168_2",,"PGC168_2.jpg","Deep Carved"
"PGC338",,"PGC338.jpg","Deep Carved"
"PGC155",,"PGC155.jpg","Deep Carved"
"PGC244",,"PGC244.jpg","Deep Carved"
"PGC_589",,"PGC_589.jpg","Deep Carved"
"PGC500",,"PGC500.JPG","Deep Carved"
"PGC452.tif",,"PGC452.tif","Deep Carved"
"PGC267",,"PGC267.jpg","Deep Carved"
"PGC170",,"PGC170.jpg","Deep Carved"
"PGC142",,"PGC142.jpg","Deep Carved"
"PGC253",,"PGC253.jpg","Deep Carved"
"PGC106",,"PGC106.jpg","Deep Carved"
"PGC256",,"PGC256.jpg","Deep Carved"
"PGB364.tif",,"PGB364.tif","Deep Carved"
"PGC254",,"PGC254.jpg","Deep Carved"
"PGC266",,"PGC266.jpg","Deep Carved"
"PGC281",,"PGC281.jpg","Deep Carved"
"PGC150",,"PGC150.jpg","Deep Carved"
"PGC275",,"PGC275.jpg","Deep Carved"
"PGC292",,"PGC292.jpg","Deep Carved"
"PGA476",,"PGA476.jpg","Deep Carved"
"PGA454",,"PGA454.jpg","Deep Carved"
"PGA244",,"PGA244.jpg","Deep Carved"
"PGC194",,"PGC194.jpg","Deep Carved"
"PGA477",,"PGA477.jpg","Deep Carved"
"PGA455",,"PGA455.jpg","Deep Carved"
"PGC257",,"PGC257.jpg","Deep Carved"
"PGC103",,"PGC103.jpg","Deep Carved"
"PGC262",,"PGC262.jpg","Deep Carved"
"PGA515",,"PGA515.jpg","Deep Carved"
"PGC158",,"PGC158.jpg","Deep Carved"
"PGC252",,"PGC252.jpg","Deep Carved"
"PGC190",,"PGC190.jpg","Deep Carved"
"PGC118",,"PGC118.jpg","Deep Carved"
"PGC136",,"PGC136.jpg","Deep Carved"
"PGA453",,"PGA453.jpg","Deep Carved"
"PGC447a.tif",,"PGC447a.tif","Deep Carved"
"PGC367",,"PGC367.jpg","Deep Carved"
"PGC180",,"PGC180.jpg","Deep Carved"
"PGC255",,"PGC255.jpg","Deep Carved"
"PGB059",,"PGB059.jpg","Deep Carved"
"PGC497",,"PGC497.JPG","Deep Carved"
"PGC447b.tif",,"PGC447b.tif","Deep Carved"
"PGC250",,"PGC250.jpg","Deep Carved"
"PGC159",,"PGC159.jpg","Deep Carved"
"PGC133",,"PGC133.jpg","Deep Carved"
"PGC488",,"PGC488.JPG","Deep Carved"
"PGB309",,"PGB309.jpg","Deep Carved"
"PGC369",,"PGC369.jpg","Deep Carved"
"PDV101",,"PDV101.jpg","Deep Carved"
"PGC277",,"PGC277.jpg","Deep Carved"
"PGC110",,"PGC110.jpg","Deep Carved"
"PGC283",,"PGC283.jpg","Deep Carved"
"PGC260",,"PGC260.jpg","Deep Carved"
"PGC366",,"PGC366.jpg","Deep Carved"
"PGC112",,"PGC112.jpg","Deep Carved"
"PGC192",,"PGC192.jpg","Deep Carved"
"PGC485e",,"PGC485e.JPG","Deep Carved"
"PGC403",,"PGC403.JPG","Deep Carved"
"PGC408",,"PGC408.JPG","Deep Carved"
"PGC276",,"PGC276.jpg","Deep Carved"
"PGC263",,"PGC263.jpg","Deep Carved"
"PGC376",,"PGC376.jpg","Deep Carved"
"PGC530",,"PGC530.JPG","Deep Carved"
"PGC320",,"PGC320.jpg","Deep Carved"
"PGA245",,"PGA245.jpg","Deep Carved"
"PGC251",,"PGC251.jpg","Deep Carved"
"PGC175",,"PGC175.jpg","Deep Carved"
"PGC160",,"PGC160.jpg","Deep Carved"
"PGA418",,"PGA418.jpg","Deep Carved"
"PGC261",,"PGC261.jpg","Deep Carved"
"PGC200",,"PGC200.jpg","Deep Carved"
"PGC 200",,"PGC 200.jpg","Deep Carved"
"PGC307",,"PGC307.jpg","Deep Carved"
"PGC308",,"PGC308.jpg","Deep Carved"
"PGC363",,"PGC363.jpg","Deep Carved"
"PGC291",,"PGC291.jpg","Deep Carved"
"PGA402",,"PGA402.jpg","Deep Carved"
"PGB131",,"PGB131.jpg","Deep Carved"
"PGA270CL",,"PGA270CL.jpg","Deep Carved"
"PGB126",,"PGB126.jpg","Deep Carved"
"PGC486",,"PGC486.JPG","Deep Carved"
"PGC198B",,"PGC198B.jpg","Deep Carved"
"PGC336",,"PGC336.jpg","Deep Carved"
"PGC371",,"PGC371.jpg","Deep Carved"
"PGC273",,"PGC273.jpg","Deep Carved"
"SDV103",,"SDV103.jpg","Deep Carved"
"PGC500c",,"PGC500c.JPG","Deep Carved"
"PGA213",,"PGA213.jpg","Deep Carved"
"PGB127",,"PGB127.jpg","Deep Carved"
"PGC282",,"PGC282.jpg","Deep Carved"
"PGC321",,"PGC321.jpg","Deep Carved"
"PGA419",,"PGA419.jpg","Deep Carved"
"PGB351",,"PGB351.jpg","Deep Carved"
"PGA522",,"PGA522.jpg","Deep Carved"
"PGC144",,"PGC144.jpg","Deep Carved"
"PGC272",,"PGC272.jpg","Deep Carved"
"PGC269",,"PGC269.jpg","Deep Carved"
"PGA469",,"PGA469.jpg","Deep Carved"
"PGC278",,"PGC278.jpg","Deep Carved"
"PGA458",,"PGA458.jpg","Deep Carved"
"PGA101",,"PGA101.jpg","Deep Carved"
"PGC287",,"PGC287.jpg","Deep Carved"
"PGC210",,"PGC210.jpg","Deep Carved"
"PGC510",,"PGC510.jpg","Deep Carved"
"PGC279",,"PGC279.jpg","Deep Carved"
"PGA102",,"PGA102.jpg","Deep Carved"
"PGA456",,"PGA456.jpg","Deep Carved"
"PGC289",,"PGC289.jpg","Deep Carved"
"PGC324",,"PGC324.jpg","Deep Carved"
"PGA202",,"PGA202.jpg","Deep Carved"
"PGC343",,"PGC343.jpg","Deep Carved"
"PGB137",,"PGB137.jpg","Deep Carved"
"PGB103",,"PGB103.jpg","Deep Carved"
"PGC221",,"PGC221.jpg","Deep Carved"
"PGA463",,"PGA463.jpg","Deep Carved"
"PGC506_1",,"PGC506_1.JPG","Deep Carved"
"PGC288",,"PGC288.jpg","Deep Carved"
"PGC378",,"PGC378.jpg","Deep Carved"
"PGA524",,"PGA524.jpg","Deep Carved"
"PGA472",,"PGA472.jpg","Deep Carved"
"PGC506_2",,"PGC506_2.JPG","Deep Carved"
"PGA513",,"PGA513.jpg","Deep Carved"
"PGC506_3",,"PGC506_3.JPG","Deep Carved"
"PGB107",,"PGB107.jpg","Deep Carved"
"PGA470",,"PGA470.jpg","Deep Carved"
"PGA267",,"PGA267.jpg","Deep Carved"
"PGC285",,"PGC285.jpg","Deep Carved"
"PGA467",,"PGA467.jpg","Deep Carved"
"PGA525",,"PGA525.jpg","Deep Carved"
"PGC327",,"PGC327.jpg","Deep Carved"
"PGC341",,"PGC341.jpg","Deep Carved"
"PGC270",,"PGC270.jpg","Deep Carved"
"PGA457",,"PGA457.jpg","Deep Carved"
"PGC294",,"PGC294.jpg","Deep Carved"
"PGC374",,"PGC374.jpg","Deep Carved"
"PGA238",,"PGA238.jpg","Deep Carved"
"PGC284",,"PGC284.jpg","Deep Carved"
"PGA512",,"PGA512.jpg","Deep Carved"
"PGC258",,"PGC258.jpg","Deep Carved"
"PGB136",,"PGB136.jpg","Deep Carved"
"PGC205",,"PGC205.jpg","Deep Carved"
"PGC337",,"PGC337.jpg","Deep Carved"
"PGC265",,"PGC265.jpg","Deep Carved"
"PGC332",,"PGC332.jpg","Deep Carved"
"PGC238",,"PGC238.jpg","Deep Carved"
"PGC300",,"PGC300.jpg","Deep Carved"
"PGC442a.tif",,"PGC442a.tif","Deep Carved"
"PGC442d.tif",,"PGC442d.tif","Deep Carved"
"PGA466",,"PGA466.jpg","Deep Carved"
"PGC286",,"PGC286.jpg","Deep Carved"
"PGC442c.tif",,"PGC442c.tif","Deep Carved"
"PGA460",,"PGA460.jpg","Deep Carved"
"PGC449.tif",,"PGC449.tif","Deep Carved"
"PGC442b.tif",,"PGC442b.tif","Deep Carved"
"PGA268",,"PGA268.jpg","Deep Carved"
"PGA459",,"PGA459.jpg","Deep Carved"
"PGA446",,"PGA446.jpg","Deep Carved"
"PGC372",,"PGC372.jpg","Deep Carved"
"PGC481",,"PGC481.jpg","Deep Carved"
"PGC312",,"PGC312.jpg","Deep Carved"
"PGC326",,"PGC326.jpg","Deep Carved"
"PGC340",,"PGC340.jpg","Deep Carved"
"PGC377",,"PGC377.jpg","Deep Carved"
"PGA265",,"PGA265.jpg","Deep Carved"
"PGC156",,"PGC156.jpg","Deep Carved"
"PGC234",,"PGC234.jpg","Deep Carved"
"PGC323",,"PGC323.jpg","Deep Carved"
"PGC202",,"PGC202.jpg","Deep Carved"
"PGB135",,"PGB135.jpg","Deep Carved"
"PGA301",,"PGA301.jpg","Deep Carved"
"PGA450",,"PGA450.jpg","Deep Carved"
"PGA443",,"PGA443.jpg","Deep Carved"
"PGA448",,"PGA448.jpg","Deep Carved"
"PGC239",,"PGC239.jpg","Deep Carved"
"PGA462",,"PGA462.jpg","Deep Carved"
"PGC259",,"PGC259.jpg","Deep Carved"
"PGA449",,"PGA449.jpg","Deep Carved"
"PGA442",,"PGA442.jpg","Deep Carved"
"PGC189",,"PGC189.jpg","Deep Carved"
"PGC330",,"PGC330.jpg","Deep Carved"
"PGA474",,"PGA474.jpg","Deep Carved"
"PGA441",,"PGA441.jpg","Deep Carved"
"PGA444",,"PGA444.jpg","Deep Carved"
"PGA416",,"PGA416.jpg","Deep Carved"
"PGB370",,"PGB370.jpg","Deep Carved"
"PGA465",,"PGA465.jpg","Deep Carved"
"PGC207",,"PGC207.jpg","Deep Carved"
"PGA506",,"PGA506.jpg","Deep Carved"
"PGC203",,"PGC203.jpg","Deep Carved"
"PGB110",,"PGB110.jpg","Deep Carved"
"PGC235",,"PGC235.jpg","Deep Carved"
"PGA468",,"PGA468.jpg","Deep Carved"
"PGA452",,"PGA452.jpg","Deep Carved"
"PGA212",,"PGA212.jpg","Deep Carved"
"PGB308",,"PGB308.jpg","Deep Carved"
"PGA230",,"PGA230.jpg","Deep Carved"
"PGC243",,"PGC243.jpg","Deep Carved"
"PGB111",,"PGB111.jpg","Deep Carved"
"PGB138",,"PGB138.jpg","Deep Carved"
"PGA241",,"PGA241.jpg","Deep Carved"
"PGA471",,"PGA471.jpg","Deep Carved"
"PGC231",,"PGC231.jpg","Deep Carved"
"PGB312",,"PGB312.jpg","Deep Carved"
"PGA475",,"PGA475.jpg","Deep Carved"
"PGA451",,"PGA451.jpg","Deep Carved"
"PGB139",,"PGB139.jpg","Deep Carved"
"PGC329",,"PGC329.jpg","Deep Carved"
"PGA523",,"PGA523.jpg","Deep Carved"
"PGA229",,"PGA229.jpg","Deep Carved"
"PGA473",,"PGA473.jpg","Deep Carved"
"PGC304",,"PGC304.jpg","Deep Carved"
"PGA511",,"PGA511.jpg","Deep Carved"
"PGA447",,"PGA447.jpg","Deep Carved"
"PGC480",,"PGC480.jpg","Deep Carved"
"PGA445",,"PGA445.jpg","Deep Carved"
"PGC314",,"PGC314.jpg","Deep Carved"
"PGC325",,"PGC325.jpg","Deep Carved"
"PGB113",,"PGB113.jpg","Deep Carved"
"PGA262",,"PGA262.jpg","Deep Carved"
"PGA461",,"PGA461.jpg","Deep Carved"
"PGB115",,"PGB115.jpg","Deep Carved"
"PGC293",,"PGC293.jpg","Deep Carved"
"PGB114",,"PGB114.jpg","Deep Carved"
"PGC494b",,"PGC494b.JPG","Deep Carved"
"PGB347",,"PGB347.jpg","Deep Carved"
"PGC318",,"PGC318.jpg","Deep Carved"
"PGB324",,"PGB324.jpg","Deep Carved"
"PGA464",,"PGA464.jpg","Deep Carved"
"PGA305",,"PGA305.jpg","Deep Carved"
"PGA231",,"PGA231.jpg","Deep Carved"
"PGC339",,"PGC339.jpg","Deep Carved"
"PGA266",,"PGA266.jpg","Deep Carved"
"PGC482",,"PGC482.jpg","Deep Carved"
"PGC182",,"PGC182.jpg","Deep Carved"
"PGA243",,"PGA243.jpg","Deep Carved"
"PGA415",,"PGA415.jpg","Deep Carved"
"PGC328",,"PGC328.jpg","Deep Carved"
"PGB307",,"PGB307.jpg","Deep Carved"
"PGB349",,"PGB349.jpg","Deep Carved"
"PGC334",,"PGC334.jpg","Deep Carved"
"PGC331",,"PGC331.jpg","Deep Carved"
"PGC232",,"PGC232.jpg","Deep Carved"
"PGB313",,"PGB313.jpg","Deep Carved"
"PGB120",,"PGB120.jpg","Deep Carved"
"PGC478",,"PGC478.jpg","Deep Carved"
"PGA215",,"PGA215.jpg","Deep Carved"
"PGB302",,"PGB302.jpg","Deep Carved"
"PGC316",,"PGC316.jpg","Deep Carved"
"PGA507",,"PGA507.jpg","Deep Carved"
"PGB108",,"PGB108.jpg","Deep Carved"
"PGC348",,"PGC348.jpg","Deep Carved"
"PGC319",,"PGC319.jpg","Deep Carved"
"PGC185",,"PGC185.jpg","Deep Carved"
"PGA240",,"PGA240.jpg","Deep Carved"
"PGB353",,"PGB353.jpg","Deep Carved"
"PGC305",,"PGC305.jpg","Deep Carved"
"PGC302",,"PGC302.jpg","Deep Carved"
"PGA411",,"PGA411.jpg","Deep Carved"
"PGA420",,"PGA420.jpg","Deep Carved"
"PGC303",,"PGC303.jpg","Deep Carved"
"PGC246",,"PGC246.jpg","Deep Carved"
"PGC224",,"PGC224.jpg","Deep Carved"
"PGA401",,"PGA401.jpg","Deep Carved"
"PGB354",,"PGB354.jpg","Deep Carved"
"PGB119",,"PGB119.jpg","Deep Carved"
"PGA438",,"PGA438.jpg","Deep Carved"
"PGA222",,"PGA222.jpg","Deep Carved"
"PGC223",,"PGC223.jpg","Deep Carved"
"PGA501",,"PGA501.jpg","Deep Carved"
"PGA203",,"PGA203.jpg","Deep Carved"
"PGA412",,"PGA412.jpg","Deep Carved"
"PGA205",,"PGA205.jpg","Deep Carved"
"PGA439",,"PGA439.jpg","Deep Carved"
"PGA508",,"PGA508.jpg","Deep Carved"
"PGA221",,"PGA221.jpg","Deep Carved"
"PGA414",,"PGA414.jpg","Deep Carved"
"PGA409",,"PGA409.jpg","Deep Carved"
"PGC335",,"PGC335.jpg","Deep Carved"
"PGA242",,"PGA242.jpg","Deep Carved"
"PGA421",,"PGA421.jpg","Deep Carved"
"PGA403",,"PGA403.jpg","Deep Carved"
"PGA216",,"PGA216.jpg","Deep Carved"
"PGB117",,"PGB117.jpg","Deep Carved"
"PGC163",,"PGC163.jpg","Deep Carved"
"PGB310",,"PGB310.jpg","Deep Carved"
"PGC309",,"PGC309.jpg","Deep Carved"
"PGA219",,"PGA219.jpg","Deep Carved"
"PGA404",,"PGA404.jpg","Deep Carved"
"PGC317",,"PGC317.jpg","Deep Carved"
"PGB365",,"PGB365.jpg","Deep Carved"
"PGA106",,"PGA106.jpg","Deep Carved"
"PGA417",,"PGA417.jpg","Deep Carved"
"PGC237",,"PGC237.jpg","Deep Carved"
"PGA252",,"PGA252.jpg","Deep Carved"
"PGA218",,"PGA218.jpg","Deep Carved"
"PGB371",,"PGB371.jpg","Deep Carved"
"PGA405",,"PGA405.jpg","Deep Carved"
"PGC333",,"PGC333.jpg","Deep Carved"
"PGA422",,"PGA422.jpg","Deep Carved"
"PGA503",,"PGA503.jpg","Deep Carved"
"PGB102",,"PGB102.jpg","Deep Carved"
"PGA408",,"PGA408.jpg","Deep Carved"
"PGA502",,"PGA502.jpg","Deep Carved"
"PGC211",,"PGC211.jpg","Deep Carved"
"PGC242",,"PGC242.jpg","Deep Carved"
"PGB366",,"PGB366.jpg","Deep Carved"
"PGA220",,"PGA220.jpg","Deep Carved"
"PGB125",,"PGB125.jpg","Deep Carved"
"PGF201a",,"PGF201a.jpg","Deep Carved"
"PGC345",,"PGC345.jpg","Deep Carved"
"PGB301",,"PGB301.jpg","Deep Carved"
"PGA224",,"PGA224.jpg","Deep Carved"
"PGA217",,"PGA217.jpg","Deep Carved"
"PGB306",,"PGB306.jpg","Deep Carved"
"PGA256",,"PGA256.jpg","Deep Carved"
"PGC215",,"PGC215.jpg","Deep Carved"
"PGA223",,"PGA223.jpg","Deep Carved"
"PGA247",,"PGA247.jpg","Deep Carved"
"PGC353",,"PGC353.jpg","Deep Carved"
"PGB350",,"PGB350.jpg","Deep Carved"
"PGB304",,"PGB304.jpg","Deep Carved"
"PGC233",,"PGC233.jpg","Deep Carved"
"PGA410",,"PGA410.jpg","Deep Carved"
"PGA103",,"PGA103.jpg","Deep Carved"
"PGB106",,"PGB106.jpg","Deep Carved"
"PGB348",,"PGB348.jpg","Deep Carved"
"PGB303",,"PGB303.jpg","Deep Carved"
"PGA249",,"PGA249.jpg","Deep Carved"
"PGB322",,"PGB322.jpg","Deep Carved"
"PGC214",,"PGC214.jpg","Deep Carved"
"PGB355",,"PGB355.jpg","Deep Carved"
"PGA505",,"PGA505.jpg","Deep Carved"
"PGF201b",,"PGF201b.jpg","Deep Carved"
"PGB122",,"PGB122.jpg","Deep Carved"
"PGA510",,"PGA510.jpg","Deep Carved"
"PGA519",,"PGA519.jpg","Deep Carved"
"PGA406",,"PGA406.jpg","Deep Carved"
"PGA206",,"PGA206.jpg","Deep Carved"
"PGA407",,"PGA407.jpg","Deep Carved"
"PGC195",,"PGC195.jpg","Deep Carved"
"PGA270",,"PGA270.jpg","Deep Carved"
"PGA240A",,"PGA240A.jpg","Deep Carved"
"PGC227",,"PGC227.jpg","Deep Carved"
"PGC346",,"PGC346.jpg","Deep Carved"
"PGC236",,"PGC236.jpg","Deep Carved"
"PGC196",,"PGC196.jpg","Deep Carved"
"PGA104",,"PGA104.jpg","Deep Carved"
"PGA509",,"PGA509.jpg","Deep Carved"
"PGB352",,"PGB352.jpg","Deep Carved"
"PGA209",,"PGA209.jpg","Deep Carved"
"PGC349",,"PGC349.jpg","Deep Carved"
"PGC225",,"PGC225.jpg","Deep Carved"
"PGC315",,"PGC315.jpg","Deep Carved"
"PGC310",,"PGC310.jpg","Deep Carved"
"PGB331",,"PGB331.jpg","Deep Carved"
"PGC226",,"PGC226.jpg","Deep Carved"
"PGC313",,"PGC313.jpg","Deep Carved"
"PGC483",,"PGC483.jpg","Deep Carved"
"PGF104",,"PGF104.jpg","Deep Carved"
"PGF103",,"PGF103.jpg","Deep Carved"
"PGF102",,"PGF102.jpg","Deep Carved"
"PGF101",,"PGF101.jpg","Deep Carved"
"PGB346",,"PGB346.jpg","Deep Carved"
"PGC228",,"PGC228.jpg","Deep Carved"
"PGA105",,"PGA105.jpg","Deep Carved"
"PGC230",,"PGC230.jpg","Deep Carved"
"PGC229",,"PGC229.jpg","Deep Carved"
"PGC188",,"PGC188.jpg","Deep Carved"
"PGC191",,"PGC191.jpg","Deep Carved"
